Workbook
Name KategorieListe: Listen!$C$2:$C$10
Name katFilter: 'Mythen-Dashboard'!$C$8
Name klassFilter: 'Mythen-Dashboard'!$C$7
Name KlassifikationsListe: Listen!$B$2:$B$7
Name ReihenfolgeListe: Listen!$F$2:$F$3
Name selectedGroup: 'Mythen-Dashboard'!$C$6
Name sortDir: Listen!$G$3
Name sortFeld: 'Mythen-Dashboard'!$I$6
Name SortFelderListe: Listen!$D$2:$D$10
Name sortIdx: Listen!$G$2
Name sortReihen: 'Mythen-Dashboard'!$I$7
Name sucheText: 'Mythen-Dashboard'!$C$9
Name ZielgruppenListe: Listen!$A$2:$A$6

Sheet Mythen-Dashboard
A1: Cannabis: Mythen & Evidenz — Daten-Explorer für Präventionsfachkräfte
A2: Datengrundlage: drei Befragungspanels — Volljährige (18–70, n=2.079) und Minderjährige (16–17, n=555), beide gewichtet, sowie Konsumierende (n=143, Anbauvereinigungen, ungewichtet). CaRM, ISD Hamburg, Sommer 2025.
A3: ⚠ WICHTIG — Keine Nachrechnung möglich: Die Werte sind methodisch standardisiert (0–100 Punkte) und für Volljährige/Minderjährige gewichtet. Eine eigenständige Nachrechnung anhand dieser Zahlen ist nicht möglich, da zu viele Zwischenschritte fehlen. Vollständige Erläuterungen → Tab „Erläuterungen“.
A5: FILTER UND SUCHE | F5: SORTIEREN UND ÜBERBLICK
B6: Zielgruppe | C6: Erwachsene (18–70) | G6: Sortieren nach | I6: Mythos-Nr.
B7: Klassifikation | C7: Alle | G7: Reihenfolge | I7: Aufsteigend
B8: Kategorie | C8: Alle | G8: Treffer | I8: =SUM(Live!$M$2:$M$43) & " von 42 Mythen" -> 42 von 42 Mythen
B9: Suche in "Mythos"
A11: Kürzeste Lesehilfe: Klassifikation farbcodiert (grün = richtig → rot = falsch). Kenntnis = % der Zielgruppe; übrige Spalten = standardisierte Punkte 0–100 (höher = stärker). Vollständige Erläuterungen → Tab „Erläuterungen“.
A13: Nr. | B13: Mythos | C13: Kategorie | D13: Klassifikation | E13: Kenntnis % | F13: Bedeutung Punkte | G13: Richtigkeit Punkte | H13: Präv.-Bedeutung Punkte | I13: Bevölk.-Relevanz Punkte | J13: Faktenkarte
A14: =IFERROR(INDEX(Live!$A$2:$A$43,MATCH(1,Live!$P$2:$P$43,0)),"") -> 1 | B14: =IFERROR(INDEX(Live!$B$2:$B$43,MATCH(1,Live!$P$2:$P$43,0)),"") -> Cannabis ist ein Allheilmittel. | C14: =IFERROR(INDEX(Live!$C$2:$C$43,MATCH(1,Live!$P$2:$P$43,0)),"") -> Medizinischer und therapeutischer Nutzen | D14: =IFERROR(INDEX(Live!$D$2:$D$43,MATCH(1,Live!$P$2:$P$43,0)),"") -> Falsch | E14: =IFERROR(INDEX(Live!$E$2:$E$43,MATCH(1,Live!$P$2:$P$43,0)),"") -> 12.32 | F14: =IFERROR(INDEX(Live!$F$2:$F$43,MATCH(1,Live!$P$2:$P$43,0)),"") -> 52.82 | G14: =IFERROR(INDEX(Live!$G$2:$G$43,MATCH(1,Live!$P$2:$P$43,0)),"") -> 49.1 | H14: =IFERROR(INDEX(Live!$H$2:$H$43,MATCH(1,Live!$P$2:$P$43,0)),"") -> 41.49 | I14: =IFERROR(INDEX(Live!$I$2:$I$43,MATCH(1,Live!$P$2:$P$43,0)),"") -> 5.6 | J14: =IFERROR(HYPERLINK(VLOOKUP($A14,Mythen!$A$3:$F$44,6,FALSE()),"Faktenkarte öffnen ↗"),"") -> Faktenkarte öffnen ↗
A15: =IFERROR(INDEX(Live!$A$2:$A$43,MATCH(2,Live!$P$2:$P$43,0)),"") -> 2 | B15: =IFERROR(INDEX(Live!$B$2:$B$43,MATCH(2,Live!$P$2:$P$43,0)),"") -> Cannabiskonsum ist harmlos. | C15: =IFERROR(INDEX(Live!$C$2:$C$43,MATCH(2,Live!$P$2:$P$43,0)),"") -> Allgemeine Einschätzung der Gefährlichkeit | D15: =IFERROR(INDEX(Live!$D$2:$D$43,MATCH(2,Live!$P$2:$P$43,0)),"") -> Falsch | E15: =IFERROR(INDEX(Live!$E$2:$E$43,MATCH(2,Live!$P$2:$P$43,0)),"") -> 18.02 | F15: =IFERROR(INDEX(Live!$F$2:$F$43,MATCH(2,Live!$P$2:$P$43,0)),"") -> 52.63 | G15: =IFERROR(INDEX(Live!$G$2:$G$43,MATCH(2,Live!$P$2:$P$43,0)),"") -> 63.77 | H15: =IFERROR(INDEX(Live!$H$2:$H$43,MATCH(2,Live!$P$2:$P$43,0)),"") -> 31.78 | I15: =IFERROR(INDEX(Live!$I$2:$I$43,MATCH(2,Live!$P$2:$P$43,0)),"") -> 6.5 | J15: =IFERROR(HYPERLINK(VLOOKUP($A15,Mythen!$A$3:$F$44,6,FALSE()),"Faktenkarte öffnen ↗"),"") -> Faktenkarte öffnen ↗
A16: =IFERROR(INDEX(Live!$A$2:$A$43,MATCH(3,Live!$P$2:$P$43,0)),"") -> 3 | B16: =IFERROR(INDEX(Live!$B$2:$B$43,MATCH(3,Live!$P$2:$P$43,0)),"") -> Cannabiskonsum durch Heranwachsende führt in stärkerem Maße als bei Erwachsenen zu gesundheitlichen Schäden. | C16: =IFERROR(INDEX(Live!$C$2:$C$43,MATCH(3,Live!$P$2:$P$43,0)),"") -> Allgemeine Einschätzung der Gefährlichkeit | D16: =IFERROR(INDEX(Live!$D$2:$D$43,MATCH(3,Live!$P$2:$P$43,0)),"") -> Eher richtig | E16: =IFERROR(INDEX(Live!$E$2:$E$43,MATCH(3,Live!$P$2:$P$43,0)),"") -> 48.64 | F16: =IFERROR(INDEX(Live!$F$2:$F$43,MATCH(3,Live!$P$2:$P$43,0)),"") -> 76.78 | G16: =IFERROR(INDEX(Live!$G$2:$G$43,MATCH(3,Live!$P$2:$P$43,0)),"") -> 77.93 | H16: =IFERROR(INDEX(Live!$H$2:$H$43,MATCH(3,Live!$P$2:$P$43,0)),"") -> 30.43 | I16: =IFERROR(INDEX(Live!$I$2:$I$43,MATCH(3,Live!$P$2:$P$43,0)),"") -> 16.9 | J16: =IFERROR(HYPERLINK(VLOOKUP($A16,Mythen!$A$3:$F$44,6,FALSE()),"Faktenkarte öffnen ↗"),"") -> Faktenkarte öffnen ↗
A17: =IFERROR(INDEX(Live!$A$2:$A$43,MATCH(4,Live!$P$2:$P$43,0)),"") -> 4 | B17: =IFERROR(INDEX(Live!$B$2:$B$43,MATCH(4,Live!$P$2:$P$43,0)),"") -> Cannabis ist weniger schädlich als Alkohol. | C17: =IFERROR(INDEX(Live!$C$2:$C$43,MATCH(4,Live!$P$2:$P$43,0)),"") -> Allgemeine Einschätzung der Gefährlichkeit | D17: =IFERROR(INDEX(Live!$D$2:$D$43,MATCH(4,Live!$P$2:$P$43,0)),"") -> Richtig | E17: =IFERROR(INDEX(Live!$E$2:$E$43,MATCH(4,Live!$P$2:$P$43,0)),"") -> 35.16 | F17: =IFERROR(INDEX(Live!$F$2:$F$43,MATCH(4,Live!$P$2:$P$43,0)),"") -> 62.1 | G17: =IFERROR(INDEX(Live!$G$2:$G$43,MATCH(4,Live!$P$2:$P$43,0)),"") -> 69.66 | H17: =IFERROR(INDEX(Live!$H$2:$H$43,MATCH(4,Live!$P$2:$P$43,0)),"") -> 27.37 | I17: =IFERROR(INDEX(Live!$I$2:$I$43,MATCH(4,Live!$P$2:$P$43,0)),"") -> 11.2 | J17: =IFERROR(HYPERLINK(VLOOKUP($A17,Mythen!$A$3:$F$44,6,FALSE()),"Faktenkarte öffnen ↗"),"") -> Faktenkarte öffnen ↗
A18: =IFERROR(INDEX(Live!$A$2:$A$43,MATCH(5,Live!$P$2:$P$43,0)),"") -> 5 | B18: =IFERROR(INDEX(Live!$B$2:$B$43,MATCH(5,Live!$P$2:$P$43,0)),"") -> Cannabis ist schwierig zu dosieren. | C18: =IFERROR(INDEX(Live!$C$2:$C$43,MATCH(5,Live!$P$2:$P$43,0)),"") -> Risiken durch Dosierung und Qualität | D18: =IFERROR(INDEX(Live!$D$2:$D$43,MATCH(5,Live!$P$2:$P$43,0)),"") -> Richtig | E18: =IFERROR(INDEX(Live!$E$2:$E$43,MATCH(5,Live!$P$2:$P$43,0)),"") -> 16.33 | F18: =IFERROR(INDEX(Live!$F$2:$F$43,MATCH(5,Live!$P$2:$P$43,0)),"") -> 68.51 | G18: =IFERROR(INDEX(Live!$G$2:$G$43,MATCH(5,Live!$P$2:$P$43,0)),"") -> 76.43 | H18: =IFERROR(INDEX(Live!$H$2:$H$43,MATCH(5,Live!$P$2:$P$43,0)),"") -> 26.37 | I18: =IFERROR(INDEX(Live!$I$2:$I$43,MATCH(5,Live!$P$2:$P$43,0)),"") -> 5.1 | J18: =IFERROR(HYPERLINK(VLOOKUP($A18,Mythen!$A$3:$F$44,6,FALSE()),"Faktenkarte öffnen ↗"),"") -> Faktenkarte öffnen ↗
A19: =IFERROR(INDEX(Live!$A$2:$A$43,MATCH(6,Live!$P$2:$P$43,0)),"") -> 6 | B19: =IFERROR(INDEX(Live!$B$2:$B$43,MATCH(6,Live!$P$2:$P$43,0)),"") -> Mischkonsum von Cannabis mit anderen Substanzen ist besonders risikoreich. | C19: =IFERROR(INDEX(Live!$C$2:$C$43,MATCH(6,Live!$P$2:$P$43,0)),"") -> Risiken durch Dosierung und Qualität | D19: =IFERROR(INDEX(Live!$D$2:$D$43,MATCH(6,Live!$P$2:$P$43,0)),"") -> Richtig | E19: =IFERROR(INDEX(Live!$E$2:$E$43,MATCH(6,Live!$P$2:$P$43,0)),"") -> 43.75 | F19: =IFERROR(INDEX(Live!$F$2:$F$43,MATCH(6,Live!$P$2:$P$43,0)),"") -> 77.02 | G19: =IFERROR(INDEX(Live!$G$2:$G$43,MATCH(6,Live!$P$2:$P$43,0)),"") -> 88.97 | H19: =IFERROR(INDEX(Live!$H$2:$H$43,MATCH(6,Live!$P$2:$P$43,0)),"") -> 21.93 | I19: =IFERROR(INDEX(Live!$I$2:$I$43,MATCH(6,Live!$P$2:$P$43,0)),"") -> 11.7 | J19: =IFERROR(HYPERLINK(VLOOKUP($A19,Mythen!$A$3:$F$44,6,FALSE()),"Faktenkarte öffnen ↗"),"") -> Faktenkarte öffnen ↗
A20: =IFERROR(INDEX(Live!$A$2:$A$43,MATCH(7,Live!$P$2:$P$43,0)),"") -> 7 | B20: =IFERROR(INDEX(Live!$B$2:$B$43,MATCH(7,Live!$P$2:$P$43,0)),"") -> Zusätze im Cannabis führen zu erhöhten Gesundheitsrisiken. | C20: =IFERROR(INDEX(Live!$C$2:$C$43,MATCH(7,Live!$P$2:$P$43,0)),"") -> Risiken durch Dosierung und Qualität | D20: =IFERROR(INDEX(Live!$D$2:$D$43,MATCH(7,Live!$P$2:$P$43,0)),"") -> Richtig | E20: =IFERROR(INDEX(Live!$E$2:$E$43,MATCH(7,Live!$P$2:$P$43,0)),"") -> 35.06 | F20: =IFERROR(INDEX(Live!$F$2:$F$43,MATCH(7,Live!$P$2:$P$43,0)),"") -> 76.49 | G20: =IFERROR(INDEX(Live!$G$2:$G$43,MATCH(7,Live!$P$2:$P$43,0)),"") -> 85.7 | H20: =IFERROR(INDEX(Live!$H$2:$H$43,MATCH(7,Live!$P$2:$P$43,0)),"") -> 24.05 | I20: =IFERROR(INDEX(Live!$I$2:$I$43,MATCH(7,Live!$P$2:$P$43,0)),"") -> 10.1 | J20: =IFERROR(HYPERLINK(VLOOKUP($A20,Mythen!$A$3:$F$44,6,FALSE()),"Faktenkarte öffnen ↗"),"") -> Faktenkarte öffnen ↗
A21: =IFERROR(INDEX(Live!$A$2:$A$43,MATCH(8,Live!$P$2:$P$43,0)),"") -> 8 | B21: =IFERROR(INDEX(Live!$B$2:$B$43,MATCH(8,Live!$P$2:$P$43,0)),"") -> Cannabiskonsum schädigt den Fötus. | C21: =IFERROR(INDEX(Live!$C$2:$C$43,MATCH(8,Live!$P$2:$P$43,0)),"") -> Risiken für den Körper und die Entwicklung | D21: =IFERROR(INDEX(Live!$D$2:$D$43,MATCH(8,Live!$P$2:$P$43,0)),"") -> Richtig | E21: =IFERROR(INDEX(Live!$E$2:$E$43,MATCH(8,Live!$P$2:$P$43,0)),"") -> 42.35 | F21: =IFERROR(INDEX(Live!$F$2:$F$43,MATCH(8,Live!$P$2:$P$43,0)),"") -> 76.49 | G21: =IFERROR(INDEX(Live!$G$2:$G$43,MATCH(8,Live!$P$2:$P$43,0)),"") -> 89.87 | H21: =IFERROR(INDEX(Live!$H$2:$H$43,MATCH(8,Live!$P$2:$P$43,0)),"") -> 21.16 | I21: =IFERROR(INDEX(Live!$I$2:$I$43,MATCH(8,Live!$P$2:$P$43,0)),"") -> 11 | J21: =IFERROR(HYPERLINK(VLOOKUP($A21,Mythen!$A$3:$F$44,6,FALSE()),"Faktenkarte öffnen ↗"),"") -> Faktenkarte öffnen ↗
A22: =IFERROR(INDEX(Live!$A$2:$A$43,MATCH(9,Live!$P$2:$P$43,0)),"") -> 9 | B22: =IFERROR(INDEX(Live!$B$2:$B$43,MATCH(9,Live!$P$2:$P$43,0)),"") -> Eine Überdosierung von Cannabis führt nicht zum Tod. | C22: =IFERROR(INDEX(Live!$C$2:$C$43,MATCH(9,Live!$P$2:$P$43,0)),"") -> Risiken durch Dosierung und Qualität | D22: =IFERROR(INDEX(Live!$D$2:$D$43,MATCH(9,Live!$P$2:$P$43,0)),"") -> Richtig | E22: =IFERROR(INDEX(Live!$E$2:$E$43,MATCH(9,Live!$P$2:$P$43,0)),"") -> 20.71 | F22: =IFERROR(INDEX(Live!$F$2:$F$43,MATCH(9,Live!$P$2:$P$43,0)),"") -> 66.53 | G22: =IFERROR(INDEX(Live!$G$2:$G$43,MATCH(9,Live!$P$2:$P$43,0)),"") -> 74.3 | H22: =IFERROR(INDEX(Live!$H$2:$H$43,MATCH(9,Live!$P$2:$P$43,0)),"") -> 27.58 | I22: =IFERROR(INDEX(Live!$I$2:$I$43,MATCH(9,Live!$P$2:$P$43,0)),"") -> 6.6 | J22: =IFERROR(HYPERLINK(VLOOKUP($A22,Mythen!$A$3:$F$44,6,FALSE()),"Faktenkarte öffnen ↗"),"") -> Faktenkarte öffnen ↗
A23: =IFERROR(INDEX(Live!$A$2:$A$43,MATCH(10,Live!$P$2:$P$43,0)),"") -> 10 | B23: =IFERROR(INDEX(Live!$B$2:$B$43,MATCH(10,Live!$P$2:$P$43,0)),"") -> Cannabis wirkt gegen Schmerzen. | C23: =IFERROR(INDEX(Live!$C$2:$C$43,MATCH(10,Live!$P$2:$P$43,0)),"") -> Medizinischer und therapeutischer Nutzen | D23: =IFERROR(INDEX(Live!$D$2:$D$43,MATCH(10,Live!$P$2:$P$43,0)),"") -> Eher falsch | E23: =IFERROR(INDEX(Live!$E$2:$E$43,MATCH(10,Live!$P$2:$P$43,0)),"") -> 68.28 | F23: =IFERROR(INDEX(Live!$F$2:$F$43,MATCH(10,Live!$P$2:$P$43,0)),"") -> 70.26 | G23: =IFERROR(INDEX(Live!$G$2:$G$43,MATCH(10,Live!$P$2:$P$43,0)),"") -> 49.74 | H23: =IFERROR(INDEX(Live!$H$2:$H$43,MATCH(10,Live!$P$2:$P$43,0)),"") -> 46.58 | I23: =IFERROR(INDEX(Live!$I$2:$I$43,MATCH(10,Live!$P$2:$P$43,0)),"") -> 34.1 | J23: =IFERROR(HYPERLINK(VLOOKUP($A23,Mythen!$A$3:$F$44,6,FALSE()),"Faktenkarte öffnen ↗"),"") -> Faktenkarte öffnen ↗
A24: =IFERROR(INDEX(Live!$A$2:$A$43,MATCH(11,Live!$P$2:$P$43,0)),"") -> 11 | B24: =IFERROR(INDEX(Live!$B$2:$B$43,MATCH(11,Live!$P$2:$P$43,0)),"") -> Cannabiskonsum bewirkt Übelkeit und Erbrechen. | C24: =IFERROR(INDEX(Live!$C$2:$C$43,MATCH(11,Live!$P$2:$P$43,0)),"") -> Risiken für den Körper und die Entwicklung | D24: =IFERROR(INDEX(Live!$D$2:$D$43,MATCH(11,Live!$P$2:$P$43,0)),"") -> Richtig | E24: =IFERROR(INDEX(Live!$E$2:$E$43,MATCH(11,Live!$P$2:$P$43,0)),"") -> 17.95 | F24: =IFERROR(INDEX(Live!$F$2:$F$43,MATCH(11,Live!$P$2:$P$43,0)),"") -> 60.15 | G24: =IFERROR(INDEX(Live!$G$2:$G$43,MATCH(11,Live!$P$2:$P$43,0)),"") -> 71.89 | H24: =IFERROR(INDEX(Live!$H$2:$H$43,MATCH(11,Live!$P$2:$P$43,0)),"") -> 25.78 | I24: =IFERROR(INDEX(Live!$I$2:$I$43,MATCH(11,Live!$P$2:$P$43,0)),"") -> 5.5 | J24: =IFERROR(HYPERLINK(VLOOKUP($A24,Mythen!$A$3:$F$44,6,FALSE()),"Faktenkarte öffnen ↗"),"") -> Faktenkarte öffnen ↗
A25: =IFERROR(INDEX(Live!$A$2:$A$43,MATCH(12,Live!$P$2:$P$43,0)),"") -> 12 | B25: =IFERROR(INDEX(Live!$B$2:$B$43,MATCH(12,Live!$P$2:$P$43,0)),"") -> Cannabis hemmt Entzündungen. | C25: =IFERROR(INDEX(Live!$C$2:$C$43,MATCH(12,Live!$P$2:$P$43,0)),"") -> Medizinischer und therapeutischer Nutzen | D25: =IFERROR(INDEX(Live!$D$2:$D$43,MATCH(12,Live!$P$2:$P$43,0)),"") -> Keine Aussage möglich | E25: =IFERROR(INDEX(Live!$E$2:$E$43,MATCH(12,Live!$P$2:$P$43,0)),"") -> 23.28 | F25: =IFERROR(INDEX(Live!$F$2:$F$43,MATCH(12,Live!$P$2:$P$43,0)),"") -> 69.36 | G25: =IFERROR(INDEX(Live!$G$2:$G$43,MATCH(12,Live!$P$2:$P$43,0)),"") | H25: =IFERROR(INDEX(Live!$H$2:$H$43,MATCH(12,Live!$P$2:$P$43,0)),"") | I25: =IFERROR(INDEX(Live!$I$2:$I$43,MATCH(12,Live!$P$2:$P$43,0)),"") | J25: =IFERROR(HYPERLINK(VLOOKUP($A25,Mythen!$A$3:$F$44,6,FALSE()),"Faktenkarte öffnen ↗"),"") -> Faktenkarte öffnen ↗
A26: =IFERROR(INDEX(Live!$A$2:$A$43,MATCH(13,Live!$P$2:$P$43,0)),"") -> 13 | B26: =IFERROR(INDEX(Live!$B$2:$B$43,MATCH(13,Live!$P$2:$P$43,0)),"") -> Cannabiskonsum löst Spasmen. | C26: =IFERROR(INDEX(Live!$C$2:$C$43,MATCH(13,Live!$P$2:$P$43,0)),"") -> Medizinischer und therapeutischer Nutzen | D26: =IFERROR(INDEX(Live!$D$2:$D$43,MATCH(13,Live!$P$2:$P$43,0)),"") -> Richtig | E26: =IFERROR(INDEX(Live!$E$2:$E$43,MATCH(13,Live!$P$2:$P$43,0)),"") -> 28.64 | F26: =IFERROR(INDEX(Live!$F$2:$F$43,MATCH(13,Live!$P$2:$P$43,0)),"") -> 59.71 | G26: =IFERROR(INDEX(Live!$G$2:$G$43,MATCH(13,Live!$P$2:$P$43,0)),"") -> 78.32 | H26: =IFERROR(INDEX(Live!$H$2:$H$43,MATCH(13,Live!$P$2:$P$43,0)),"") -> 22.81 | I26: =IFERROR(INDEX(Live!$I$2:$I$43,MATCH(13,Live!$P$2:$P$43,0)),"") -> 7.9 | J26: =IFERROR(HYPERLINK(VLOOKUP($A26,Mythen!$A$3:$F$44,6,FALSE()),"Faktenkarte öffnen ↗"),"") -> Faktenkarte öffnen ↗
A27: =IFERROR(INDEX(Live!$A$2:$A$43,MATCH(14,Live!$P$2:$P$43,0)),"") -> 14 | B27: =IFERROR(INDEX(Live!$B$2:$B$43,MATCH(14,Live!$P$2:$P$43,0)),"") -> Cannabiskonsum verursacht Herz-Kreislauferkrankungen. | C27: =IFERROR(INDEX(Live!$C$2:$C$43,MATCH(14,Live!$P$2:$P$43,0)),"") -> Risiken für den Körper und die Entwicklung | D27: =IFERROR(INDEX(Live!$D$2:$D$43,MATCH(14,Live!$P$2:$P$43,0)),"") -> Richtig | E27: =IFERROR(INDEX(Live!$E$2:$E$43,MATCH(14,Live!$P$2:$P$43,0)),"") -> 14.96 | F27: =IFERROR(INDEX(Live!$F$2:$F$43,MATCH(14,Live!$P$2:$P$43,0)),"") -> 75.94 | G27: =IFERROR(INDEX(Live!$G$2:$G$43,MATCH(14,Live!$P$2:$P$43,0)),"") -> 76.21 | H27: =IFERROR(INDEX(Live!$H$2:$H$43,MATCH(14,Live!$P$2:$P$43,0)),"") -> 29.92 | I27: =IFERROR(INDEX(Live!$I$2:$I$43,MATCH(14,Live!$P$2:$P$43,0)),"") -> 5.1 | J27: =IFERROR(HYPERLINK(VLOOKUP($A27,Mythen!$A$3:$F$44,6,FALSE()),"Faktenkarte öffnen ↗"),"") -> Faktenkarte öffnen ↗
A28: =IFERROR(INDEX(Live!$A$2:$A$43,MATCH(15,Live!$P$2:$P$43,0)),"") -> 15 | B28: =IFERROR(INDEX(Live!$B$2:$B$43,MATCH(15,Live!$P$2:$P$43,0)),"") -> Inhalativer Cannabiskonsum bewirkt Atemwegserkrankungen. | C28: =IFERROR(INDEX(Live!$C$2:$C$43,MATCH(15,Live!$P$2:$P$43,0)),"") -> Risiken für den Körper und die Entwicklung | D28: =IFERROR(INDEX(Live!$D$2:$D$43,MATCH(15,Live!$P$2:$P$43,0)),"") -> Richtig | E28: =IFERROR(INDEX(Live!$E$2:$E$43,MATCH(15,Live!$P$2:$P$43,0)),"") -> 16.03 | F28: =IFERROR(INDEX(Live!$F$2:$F$43,MATCH(15,Live!$P$2:$P$43,0)),"") -> 69.73 | G28: =IFERROR(INDEX(Live!$G$2:$G$43,MATCH(15,Live!$P$2:$P$43,0)),"") -> 78.8 | H28: =IFERROR(INDEX(Live!$H$2:$H$43,MATCH(15,Live!$P$2:$P$43,0)),"") -> 25.72 | I28: =IFERROR(INDEX(Live!$I$2:$I$43,MATCH(15,Live!$P$2:$P$43,0)),"") -> 4.9 | J28: =IFERROR(HYPERLINK(VLOOKUP($A28,Mythen!$A$3:$F$44,6,FALSE()),"Faktenkarte öffnen ↗"),"") -> Faktenkarte öffnen ↗
A29: =IFERROR(INDEX(Live!$A$2:$A$43,MATCH(16,Live!$P$2:$P$43,0)),"") -> 16 | B29: =IFERROR(INDEX(Live!$B$2:$B$43,MATCH(16,Live!$P$2:$P$43,0)),"") -> Cannabiskonsum verursacht Krebserkrankungen. | C29: =IFERROR(INDEX(Live!$C$2:$C$43,MATCH(16,Live!$P$2:$P$43,0)),"") -> Risiken für den Körper und die Entwicklung | D29: =IFERROR(INDEX(Live!$D$2:$D$43,MATCH(16,Live!$P$2:$P$43,0)),"") -> Richtig | E29: =IFERROR(INDEX(Live!$E$2:$E$43,MATCH(16,Live!$P$2:$P$43,0)),"") -> 10.12 | F29: =IFERROR(INDEX(Live!$F$2:$F$43,MATCH(16,Live!$P$2:$P$43,0)),"") -> 72.33 | G29: =IFERROR(INDEX(Live!$G$2:$G$43,MATCH(16,Live!$P$2:$P$43,0)),"") -> 73.59 | H29: =IFERROR(INDEX(Live!$H$2:$H$43,MATCH(16,Live!$P$2:$P$43,0)),"") -> 29.95 | I29: =IFERROR(INDEX(Live!$I$2:$I$43,MATCH(16,Live!$P$2:$P$43,0)),"") -> 3.5 | J29: =IFERROR(HYPERLINK(VLOOKUP($A29,Mythen!$A$3:$F$44,6,FALSE()),"Faktenkarte öffnen ↗"),"") -> Faktenkarte öffnen ↗
A30: =IFERROR(INDEX(Live!$A$2:$A$43,MATCH(17,Live!$P$2:$P$43,0)),"") -> 17 | B30: =IFERROR(INDEX(Live!$B$2:$B$43,MATCH(17,Live!$P$2:$P$43,0)),"") -> Cannabiskonsum hilft beim Abnehmen. | C30: =IFERROR(INDEX(Live!$C$2:$C$43,MATCH(17,Live!$P$2:$P$43,0)),"") -> Medizinischer und therapeutischer Nutzen | D30: =IFERROR(INDEX(Live!$D$2:$D$43,MATCH(17,Live!$P$2:$P$43,0)),"") -> Keine Aussage möglich | E30: =IFERROR(INDEX(Live!$E$2:$E$43,MATCH(17,Live!$P$2:$P$43,0)),"") -> 5.55 | F30: =IFERROR(INDEX(Live!$F$2:$F$43,MATCH(17,Live!$P$2:$P$43,0)),"") -> 48.94 | G30: =IFERROR(INDEX(Live!$G$2:$G$43,MATCH(17,Live!$P$2:$P$43,0)),"") | H30: =IFERROR(INDEX(Live!$H$2:$H$43,MATCH(17,Live!$P$2:$P$43,0)),"") | I30: =IFERROR(INDEX(Live!$I$2:$I$43,MATCH(17,Live!$P$2:$P$43,0)),"") | J30: =IFERROR(HYPERLINK(VLOOKUP($A30,Mythen!$A$3:$F$44,6,FALSE()),"Faktenkarte öffnen ↗"),"") -> Faktenkarte öffnen ↗
A31: =IFERROR(INDEX(Live!$A$2:$A$43,MATCH(18,Live!$P$2:$P$43,0)),"") -> 18 | B31: =IFERROR(INDEX(Live!$B$2:$B$43,MATCH(18,Live!$P$2:$P$43,0)),"") -> Cannabiskonsum hilft bei Schlafproblemen. | C31: =IFERROR(INDEX(Live!$C$2:$C$43,MATCH(18,Live!$P$2:$P$43,0)),"") -> Medizinischer und therapeutischer Nutzen | D31: =IFERROR(INDEX(Live!$D$2:$D$43,MATCH(18,Live!$P$2:$P$43,0)),"") -> Eher falsch | E31: =IFERROR(INDEX(Live!$E$2:$E$43,MATCH(18,Live!$P$2:$P$43,0)),"") -> 38.63 | F31: =IFERROR(INDEX(Live!$F$2:$F$43,MATCH(18,Live!$P$2:$P$43,0)),"") -> 61.87 | G31: =IFERROR(INDEX(Live!$G$2:$G$43,MATCH(18,Live!$P$2:$P$43,0)),"") -> 56.37 | H31: =IFERROR(INDEX(Live!$H$2:$H$43,MATCH(18,Live!$P$2:$P$43,0)),"") -> 39.33 | I31: =IFERROR(INDEX(Live!$I$2:$I$43,MATCH(18,Live!$P$2:$P$43,0)),"") -> 16.7 | J31: =IFERROR(HYPERLINK(VLOOKUP($A31,Mythen!$A$3:$F$44,6,FALSE()),"Faktenkarte öffnen ↗"),"") -> Faktenkarte öffnen ↗
A32: =IFERROR(INDEX(Live!$A$2:$A$43,MATCH(19,Live!$P$2:$P$43,0)),"") -> 19 | B32: =IFERROR(INDEX(Live!$B$2:$B$43,MATCH(19,Live!$P$2:$P$43,0)),"") -> Cannabiskonsum verändert die Wahrnehmungen. | C32: =IFERROR(INDEX(Live!$C$2:$C$43,MATCH(19,Live!$P$2:$P$43,0)),"") -> Einfluss auf Stimmung und Wahrnehmung | D32: =IFERROR(INDEX(Live!$D$2:$D$43,MATCH(19,Live!$P$2:$P$43,0)),"") -> Richtig | E32: =IFERROR(INDEX(Live!$E$2:$E$43,MATCH(19,Live!$P$2:$P$43,0)),"") -> 60.56 | F32: =IFERROR(INDEX(Live!$F$2:$F$43,MATCH(19,Live!$P$2:$P$43,0)),"") -> 71.83 | G32: =IFERROR(INDEX(Live!$G$2:$G$43,MATCH(19,Live!$P$2:$P$43,0)),"") -> 87.56 | H32: =IFERROR(INDEX(Live!$H$2:$H$43,MATCH(19,Live!$P$2:$P$43,0)),"") -> 21.45 | I32: =IFERROR(INDEX(Live!$I$2:$I$43,MATCH(19,Live!$P$2:$P$43,0)),"") -> 16 | J32: =IFERROR(HYPERLINK(VLOOKUP($A32,Mythen!$A$3:$F$44,6,FALSE()),"Faktenkarte öffnen ↗"),"") -> Faktenkarte öffnen ↗
A33: =IFERROR(INDEX(Live!$A$2:$A$43,MATCH(20,Live!$P$2:$P$43,0)),"") -> 20 | B33: =IFERROR(INDEX(Live!$B$2:$B$43,MATCH(20,Live!$P$2:$P$43,0)),"") -> Cannabiskonsum beeinträchtigt kognitive Fähigkeiten. | C33: =IFERROR(INDEX(Live!$C$2:$C$43,MATCH(20,Live!$P$2:$P$43,0)),"") -> Risiken für die psychische Gesundheit | D33: =IFERROR(INDEX(Live!$D$2:$D$43,MATCH(20,Live!$P$2:$P$43,0)),"") -> Richtig | E33: =IFERROR(INDEX(Live!$E$2:$E$43,MATCH(20,Live!$P$2:$P$43,0)),"") -> 44.28 | F33: =IFERROR(INDEX(Live!$F$2:$F$43,MATCH(20,Live!$P$2:$P$43,0)),"") -> 71.41 | G33: =IFERROR(INDEX(Live!$G$2:$G$43,MATCH(20,Live!$P$2:$P$43,0)),"") -> 83.34 | H33: =IFERROR(INDEX(Live!$H$2:$H$43,MATCH(20,Live!$P$2:$P$43,0)),"") -> 23.88 | I33: =IFERROR(INDEX(Live!$I$2:$I$43,MATCH(20,Live!$P$2:$P$43,0)),"") -> 12.7 | J33: =IFERROR(HYPERLINK(VLOOKUP($A33,Mythen!$A$3:$F$44,6,FALSE()),"Faktenkarte öffnen ↗"),"") -> Faktenkarte öffnen ↗
A34: =IFERROR(INDEX(Live!$A$2:$A$43,MATCH(21,Live!$P$2:$P$43,0)),"") -> 21 | B34: =IFERROR(INDEX(Live!$B$2:$B$43,MATCH(21,Live!$P$2:$P$43,0)),"") -> Cannabiskonsum gefährdet die Verkehrssicherheit. | C34: =IFERROR(INDEX(Live!$C$2:$C$43,MATCH(21,Live!$P$2:$P$43,0)),"") -> Soziale Auswirkungen und Leistungsfähigkeit | D34: =IFERROR(INDEX(Live!$D$2:$D$43,MATCH(21,Live!$P$2:$P$43,0)),"") -> Richtig | E34: =IFERROR(INDEX(Live!$E$2:$E$43,MATCH(21,Live!$P$2:$P$43,0)),"") -> 64.45 | F34: =IFERROR(INDEX(Live!$F$2:$F$43,MATCH(21,Live!$P$2:$P$43,0)),"") -> 82.84 | G34: =IFERROR(INDEX(Live!$G$2:$G$43,MATCH(21,Live!$P$2:$P$43,0)),"") -> 91.71 | H34: =IFERROR(INDEX(Live!$H$2:$H$43,MATCH(21,Live!$P$2:$P$43,0)),"") -> 21.4 | I34: =IFERROR(INDEX(Live!$I$2:$I$43,MATCH(21,Live!$P$2:$P$43,0)),"") -> 17 | J34: =IFERROR(HYPERLINK(VLOOKUP($A34,Mythen!$A$3:$F$44,6,FALSE()),"Faktenkarte öffnen ↗"),"") -> Faktenkarte öffnen ↗
A35: =IFERROR(INDEX(Live!$A$2:$A$43,MATCH(22,Live!$P$2:$P$43,0)),"") -> 22 | B35: =IFERROR(INDEX(Live!$B$2:$B$43,MATCH(22,Live!$P$2:$P$43,0)),"") -> Cannabis ist eine Einstiegsdroge. | C35: =IFERROR(INDEX(Live!$C$2:$C$43,MATCH(22,Live!$P$2:$P$43,0)),"") -> Risiken für die psychische Gesundheit | D35: =IFERROR(INDEX(Live!$D$2:$D$43,MATCH(22,Live!$P$2:$P$43,0)),"") -> Eher falsch | E35: =IFERROR(INDEX(Live!$E$2:$E$43,MATCH(22,Live!$P$2:$P$43,0)),"") -> 58.07 | F35: =IFERROR(INDEX(Live!$F$2:$F$43,MATCH(22,Live!$P$2:$P$43,0)),"") -> 66.83 | G35: =IFERROR(INDEX(Live!$G$2:$G$43,MATCH(22,Live!$P$2:$P$43,0)),"") -> 51.65 | H35: =IFERROR(INDEX(Live!$H$2:$H$43,MATCH(22,Live!$P$2:$P$43,0)),"") -> 44.41 | I35: =IFERROR(INDEX(Live!$I$2:$I$43,MATCH(22,Live!$P$2:$P$43,0)),"") -> 27.8 | J35: =IFERROR(HYPERLINK(VLOOKUP($A35,Mythen!$A$3:$F$44,6,FALSE()),"Faktenkarte öffnen ↗"),"") -> Faktenkarte öffnen ↗
A36: =IFERROR(INDEX(Live!$A$2:$A$43,MATCH(23,Live!$P$2:$P$43,0)),"") -> 23 | B36: =IFERROR(INDEX(Live!$B$2:$B$43,MATCH(23,Live!$P$2:$P$43,0)),"") -> Cannabis verursacht keine Abhängigkeit. | C36: =IFERROR(INDEX(Live!$C$2:$C$43,MATCH(23,Live!$P$2:$P$43,0)),"") -> Risiken für die psychische Gesundheit | D36: =IFERROR(INDEX(Live!$D$2:$D$43,MATCH(23,Live!$P$2:$P$43,0)),"") -> Falsch | E36: =IFERROR(INDEX(Live!$E$2:$E$43,MATCH(23,Live!$P$2:$P$43,0)),"") -> 16.43 | F36: =IFERROR(INDEX(Live!$F$2:$F$43,MATCH(23,Live!$P$2:$P$43,0)),"") -> 58.35 | G36: =IFERROR(INDEX(Live!$G$2:$G$43,MATCH(23,Live!$P$2:$P$43,0)),"") -> 63.75 | H36: =IFERROR(INDEX(Live!$H$2:$H$43,MATCH(23,Live!$P$2:$P$43,0)),"") -> 33.68 | I36: =IFERROR(INDEX(Live!$I$2:$I$43,MATCH(23,Live!$P$2:$P$43,0)),"") -> 6.2 | J36: =IFERROR(HYPERLINK(VLOOKUP($A36,Mythen!$A$3:$F$44,6,FALSE()),"Faktenkarte öffnen ↗"),"") -> Faktenkarte öffnen ↗
A37: =IFERROR(INDEX(Live!$A$2:$A$43,MATCH(24,Live!$P$2:$P$43,0)),"") -> 24 | B37: =IFERROR(INDEX(Live!$B$2:$B$43,MATCH(24,Live!$P$2:$P$43,0)),"") -> Cannabiskonsum verursacht Psychosen. | C37: =IFERROR(INDEX(Live!$C$2:$C$43,MATCH(24,Live!$P$2:$P$43,0)),"") -> Risiken für die psychische Gesundheit | D37: =IFERROR(INDEX(Live!$D$2:$D$43,MATCH(24,Live!$P$2:$P$43,0)),"") -> Richtig | E37: =IFERROR(INDEX(Live!$E$2:$E$43,MATCH(24,Live!$P$2:$P$43,0)),"") -> 39.06 | F37: =IFERROR(INDEX(Live!$F$2:$F$43,MATCH(24,Live!$P$2:$P$43,0)),"") -> 69.6 | G37: =IFERROR(INDEX(Live!$G$2:$G$43,MATCH(24,Live!$P$2:$P$43,0)),"") -> 74.25 | H37: =IFERROR(INDEX(Live!$H$2:$H$43,MATCH(24,Live!$P$2:$P$43,0)),"") -> 28.48 | I37: =IFERROR(INDEX(Live!$I$2:$I$43,MATCH(24,Live!$P$2:$P$43,0)),"") -> 12.9 | J37: =IFERROR(HYPERLINK(VLOOKUP($A37,Mythen!$A$3:$F$44,6,FALSE()),"Faktenkarte öffnen ↗"),"") -> Faktenkarte öffnen ↗
A38: =IFERROR(INDEX(Live!$A$2:$A$43,MATCH(25,Live!$P$2:$P$43,0)),"") -> 25 | B38: =IFERROR(INDEX(Live!$B$2:$B$43,MATCH(25,Live!$P$2:$P$43,0)),"") -> Cannabiskonsum wirkt gegen Angst. | C38: =IFERROR(INDEX(Live!$C$2:$C$43,MATCH(25,Live!$P$2:$P$43,0)),"") -> Medizinischer und therapeutischer Nutzen | D38: =IFERROR(INDEX(Live!$D$2:$D$43,MATCH(25,Live!$P$2:$P$43,0)),"") -> Eher falsch | E38: =IFERROR(INDEX(Live!$E$2:$E$43,MATCH(25,Live!$P$2:$P$43,0)),"") -> 32.18 | F38: =IFERROR(INDEX(Live!$F$2:$F$43,MATCH(25,Live!$P$2:$P$43,0)),"") -> 60.49 | G38: =IFERROR(INDEX(Live!$G$2:$G$43,MATCH(25,Live!$P$2:$P$43,0)),"") -> 60.6 | H38: =IFERROR(INDEX(Live!$H$2:$H$43,MATCH(25,Live!$P$2:$P$43,0)),"") -> 35.85 | I38: =IFERROR(INDEX(Live!$I$2:$I$43,MATCH(25,Live!$P$2:$P$43,0)),"") -> 12.8 | J38: =IFERROR(HYPERLINK(VLOOKUP($A38,Mythen!$A$3:$F$44,6,FALSE()),"Faktenkarte öffnen ↗"),"") -> Faktenkarte öffnen ↗
A39: =IFERROR(INDEX(Live!$A$2:$A$43,MATCH(26,Live!$P$2:$P$43,0)),"") -> 26 | B39: =IFERROR(INDEX(Live!$B$2:$B$43,MATCH(26,Live!$P$2:$P$43,0)),"") -> Cannabiskonsum wirkt gegen Depressionen. | C39: =IFERROR(INDEX(Live!$C$2:$C$43,MATCH(26,Live!$P$2:$P$43,0)),"") -> Medizinischer und therapeutischer Nutzen | D39: =IFERROR(INDEX(Live!$D$2:$D$43,MATCH(26,Live!$P$2:$P$43,0)),"") -> Falsch | E39: =IFERROR(INDEX(Live!$E$2:$E$43,MATCH(26,Live!$P$2:$P$43,0)),"") -> 31.26 | F39: =IFERROR(INDEX(Live!$F$2:$F$43,MATCH(26,Live!$P$2:$P$43,0)),"") -> 62.58 | G39: =IFERROR(INDEX(Live!$G$2:$G$43,MATCH(26,Live!$P$2:$P$43,0)),"") -> 30.18 | H39: =IFERROR(INDEX(Live!$H$2:$H$43,MATCH(26,Live!$P$2:$P$43,0)),"") -> 54.67 | I39: =IFERROR(INDEX(Live!$I$2:$I$43,MATCH(26,Live!$P$2:$P$43,0)),"") -> 18 | J39: =IFERROR(HYPERLINK(VLOOKUP($A39,Mythen!$A$3:$F$44,6,FALSE()),"Faktenkarte öffnen ↗"),"") -> Faktenkarte öffnen ↗
A40: =IFERROR(INDEX(Live!$A$2:$A$43,MATCH(27,Live!$P$2:$P$43,0)),"") -> 27 | B40: =IFERROR(INDEX(Live!$B$2:$B$43,MATCH(27,Live!$P$2:$P$43,0)),"") -> Cannabiskonsum wirkt gegen ADHS. | C40: =IFERROR(INDEX(Live!$C$2:$C$43,MATCH(27,Live!$P$2:$P$43,0)),"") -> Medizinischer und therapeutischer Nutzen | D40: =IFERROR(INDEX(Live!$D$2:$D$43,MATCH(27,Live!$P$2:$P$43,0)),"") -> Eher falsch | E40: =IFERROR(INDEX(Live!$E$2:$E$43,MATCH(27,Live!$P$2:$P$43,0)),"") -> 30.37 | F40: =IFERROR(INDEX(Live!$F$2:$F$43,MATCH(27,Live!$P$2:$P$43,0)),"") -> 60.45 | G40: =IFERROR(INDEX(Live!$G$2:$G$43,MATCH(27,Live!$P$2:$P$43,0)),"") -> 55.93 | H40: =IFERROR(INDEX(Live!$H$2:$H$43,MATCH(27,Live!$P$2:$P$43,0)),"") -> 38.24 | I40: =IFERROR(INDEX(Live!$I$2:$I$43,MATCH(27,Live!$P$2:$P$43,0)),"") -> 12.8 | J40: =IFERROR(HYPERLINK(VLOOKUP($A40,Mythen!$A$3:$F$44,6,FALSE()),"Faktenkarte öffnen ↗"),"") -> Faktenkarte öffnen ↗
A41: =IFERROR(INDEX(Live!$A$2:$A$43,MATCH(28,Live!$P$2:$P$43,0)),"") -> 28 | B41: =IFERROR(INDEX(Live!$B$2:$B$43,MATCH(28,Live!$P$2:$P$43,0)),"") -> Cannabiskonsum verursacht einen generellen Motivationsverlust. | C41: =IFERROR(INDEX(Live!$C$2:$C$43,MATCH(28,Live!$P$2:$P$43,0)),"") -> Risiken für die psychische Gesundheit | D41: =IFERROR(INDEX(Live!$D$2:$D$43,MATCH(28,Live!$P$2:$P$43,0)),"") -> Falsch | E41: =IFERROR(INDEX(Live!$E$2:$E$43,MATCH(28,Live!$P$2:$P$43,0)),"") -> 26.29 | F41: =IFERROR(INDEX(Live!$F$2:$F$43,MATCH(28,Live!$P$2:$P$43,0)),"") -> 66.83 | G41: =IFERROR(INDEX(Live!$G$2:$G$43,MATCH(28,Live!$P$2:$P$43,0)),"") -> 25.05 | H41: =IFERROR(INDEX(Live!$H$2:$H$43,MATCH(28,Live!$P$2:$P$43,0)),"") -> 60.32 | I41: =IFERROR(INDEX(Live!$I$2:$I$43,MATCH(28,Live!$P$2:$P$43,0)),"") -> 16.5 | J41: =IFERROR(HYPERLINK(VLOOKUP($A41,Mythen!$A$3:$F$44,6,FALSE()),"Faktenkarte öffnen ↗"),"") -> Faktenkarte öffnen ↗
A42: =IFERROR(INDEX(Live!$A$2:$A$43,MATCH(29,Live!$P$2:$P$43,0)),"") -> 29 | B42: =IFERROR(INDEX(Live!$B$2:$B$43,MATCH(29,Live!$P$2:$P$43,0)),"") -> Cannabiskonsum verbessert die Gemütslage. | C42: =IFERROR(INDEX(Live!$C$2:$C$43,MATCH(29,Live!$P$2:$P$43,0)),"") -> Einfluss auf Stimmung und Wahrnehmung | D42: =IFERROR(INDEX(Live!$D$2:$D$43,MATCH(29,Live!$P$2:$P$43,0)),"") -> Eher richtig | E42: =IFERROR(INDEX(Live!$E$2:$E$43,MATCH(29,Live!$P$2:$P$43,0)),"") -> 32.89 | F42: =IFERROR(INDEX(Live!$F$2:$F$43,MATCH(29,Live!$P$2:$P$43,0)),"") -> 59.2 | G42: =IFERROR(INDEX(Live!$G$2:$G$43,MATCH(29,Live!$P$2:$P$43,0)),"") -> 84.4 | H42: =IFERROR(INDEX(Live!$H$2:$H$43,MATCH(29,Live!$P$2:$P$43,0)),"") -> 21.23 | I42: =IFERROR(INDEX(Live!$I$2:$I$43,MATCH(29,Live!$P$2:$P$43,0)),"") -> 8.6 | J42: =IFERROR(HYPERLINK(VLOOKUP($A42,Mythen!$A$3:$F$44,6,FALSE()),"Faktenkarte öffnen ↗"),"") -> Faktenkarte öffnen ↗
A43: =IFERROR(INDEX(Live!$A$2:$A$43,MATCH(30,Live!$P$2:$P$43,0)),"") -> 30 | B43: =IFERROR(INDEX(Live!$B$2:$B$43,MATCH(30,Live!$P$2:$P$43,0)),"") -> Cannabiskonsum führt zu Suizidgedanken. | C43: =IFERROR(INDEX(Live!$C$2:$C$43,MATCH(30,Live!$P$2:$P$43,0)),"") -> Risiken für die psychische Gesundheit | D43: =IFERROR(INDEX(Live!$D$2:$D$43,MATCH(30,Live!$P$2:$P$43,0)),"") -> Eher richtig | E43: =IFERROR(INDEX(Live!$E$2:$E$43,MATCH(30,Live!$P$2:$P$43,0)),"") -> 14.09 | F43: =IFERROR(INDEX(Live!$F$2:$F$43,MATCH(30,Live!$P$2:$P$43,0)),"") -> 73.29 | G43: =IFERROR(INDEX(Live!$G$2:$G$43,MATCH(30,Live!$P$2:$P$43,0)),"") -> 83.02 | H43: =IFERROR(INDEX(Live!$H$2:$H$43,MATCH(30,Live!$P$2:$P$43,0)),"") -> 25.83 | I43: =IFERROR(INDEX(Live!$I$2:$I$43,MATCH(30,Live!$P$2:$P$43,0)),"") -> 4.3 | J43: =IFERROR(HYPERLINK(VLOOKUP($A43,Mythen!$A$3:$F$44,6,FALSE()),"Faktenkarte öffnen ↗"),"") -> Faktenkarte öffnen ↗
A44: =IFERROR(INDEX(Live!$A$2:$A$43,MATCH(31,Live!$P$2:$P$43,0)),"") -> 31 | B44: =IFERROR(INDEX(Live!$B$2:$B$43,MATCH(31,Live!$P$2:$P$43,0)),"") -> Cannabiskonsum entspannt. | C44: =IFERROR(INDEX(Live!$C$2:$C$43,MATCH(31,Live!$P$2:$P$43,0)),"") -> Einfluss auf Stimmung und Wahrnehmung | D44: =IFERROR(INDEX(Live!$D$2:$D$43,MATCH(31,Live!$P$2:$P$43,0)),"") -> Eher richtig | E44: =IFERROR(INDEX(Live!$E$2:$E$43,MATCH(31,Live!$P$2:$P$43,0)),"") -> 57.16 | F44: =IFERROR(INDEX(Live!$F$2:$F$43,MATCH(31,Live!$P$2:$P$43,0)),"") -> 62.08 | G44: =IFERROR(INDEX(Live!$G$2:$G$43,MATCH(31,Live!$P$2:$P$43,0)),"") -> 82.01 | H44: =IFERROR(INDEX(Live!$H$2:$H$43,MATCH(31,Live!$P$2:$P$43,0)),"") -> 23.67 | I44: =IFERROR(INDEX(Live!$I$2:$I$43,MATCH(31,Live!$P$2:$P$43,0)),"") -> 16.3 | J44: =IFERROR(HYPERLINK(VLOOKUP($A44,Mythen!$A$3:$F$44,6,FALSE()),"Faktenkarte öffnen ↗"),"") -> Faktenkarte öffnen ↗
A45: =IFERROR(INDEX(Live!$A$2:$A$43,MATCH(32,Live!$P$2:$P$43,0)),"") -> 32 | B45: =IFERROR(INDEX(Live!$B$2:$B$43,MATCH(32,Live!$P$2:$P$43,0)),"") -> Cannabiskonsum macht nicht aggressiv. | C45: =IFERROR(INDEX(Live!$C$2:$C$43,MATCH(32,Live!$P$2:$P$43,0)),"") -> Einfluss auf Stimmung und Wahrnehmung | D45: =IFERROR(INDEX(Live!$D$2:$D$43,MATCH(32,Live!$P$2:$P$43,0)),"") -> Eher falsch | E45: =IFERROR(INDEX(Live!$E$2:$E$43,MATCH(32,Live!$P$2:$P$43,0)),"") -> 23.96 | F45: =IFERROR(INDEX(Live!$F$2:$F$43,MATCH(32,Live!$P$2:$P$43,0)),"") -> 62.13 | G45: =IFERROR(INDEX(Live!$G$2:$G$43,MATCH(32,Live!$P$2:$P$43,0)),"") -> 57.86 | H45: =IFERROR(INDEX(Live!$H$2:$H$43,MATCH(32,Live!$P$2:$P$43,0)),"") -> 38.42 | I45: =IFERROR(INDEX(Live!$I$2:$I$43,MATCH(32,Live!$P$2:$P$43,0)),"") -> 10.1 | J45: =IFERROR(HYPERLINK(VLOOKUP($A45,Mythen!$A$3:$F$44,6,FALSE()),"Faktenkarte öffnen ↗"),"") -> Faktenkarte öffnen ↗
A46: =IFERROR(INDEX(Live!$A$2:$A$43,MATCH(33,Live!$P$2:$P$43,0)),"") -> 33 | B46: =IFERROR(INDEX(Live!$B$2:$B$43,MATCH(33,Live!$P$2:$P$43,0)),"") -> Cannabiskonsum macht kreativ. | C46: =IFERROR(INDEX(Live!$C$2:$C$43,MATCH(33,Live!$P$2:$P$43,0)),"") -> Soziale Auswirkungen und Leistungsfähigkeit | D46: =IFERROR(INDEX(Live!$D$2:$D$43,MATCH(33,Live!$P$2:$P$43,0)),"") -> Eher falsch | E46: =IFERROR(INDEX(Live!$E$2:$E$43,MATCH(33,Live!$P$2:$P$43,0)),"") -> 18.75 | F46: =IFERROR(INDEX(Live!$F$2:$F$43,MATCH(33,Live!$P$2:$P$43,0)),"") -> 51.36 | G46: =IFERROR(INDEX(Live!$G$2:$G$43,MATCH(33,Live!$P$2:$P$43,0)),"") -> 60.97 | H46: =IFERROR(INDEX(Live!$H$2:$H$43,MATCH(33,Live!$P$2:$P$43,0)),"") -> 31.97 | I46: =IFERROR(INDEX(Live!$I$2:$I$43,MATCH(33,Live!$P$2:$P$43,0)),"") -> 6.8 | J46: =IFERROR(HYPERLINK(VLOOKUP($A46,Mythen!$A$3:$F$44,6,FALSE()),"Faktenkarte öffnen ↗"),"") -> Faktenkarte öffnen ↗
A47: =IFERROR(INDEX(Live!$A$2:$A$43,MATCH(34,Live!$P$2:$P$43,0)),"") -> 34 | B47: =IFERROR(INDEX(Live!$B$2:$B$43,MATCH(34,Live!$P$2:$P$43,0)),"") -> Cannabiskonsum schädigt soziale Beziehungen. | C47: =IFERROR(INDEX(Live!$C$2:$C$43,MATCH(34,Live!$P$2:$P$43,0)),"") -> Soziale Auswirkungen und Leistungsfähigkeit | D47: =IFERROR(INDEX(Live!$D$2:$D$43,MATCH(34,Live!$P$2:$P$43,0)),"") -> Eher falsch | E47: =IFERROR(INDEX(Live!$E$2:$E$43,MATCH(34,Live!$P$2:$P$43,0)),"") -> 30.33 | F47: =IFERROR(INDEX(Live!$F$2:$F$43,MATCH(34,Live!$P$2:$P$43,0)),"") -> 71.08 | G47: =IFERROR(INDEX(Live!$G$2:$G$43,MATCH(34,Live!$P$2:$P$43,0)),"") -> 54.17 | H47: =IFERROR(INDEX(Live!$H$2:$H$43,MATCH(34,Live!$P$2:$P$43,0)),"") -> 44.25 | I47: =IFERROR(INDEX(Live!$I$2:$I$43,MATCH(34,Live!$P$2:$P$43,0)),"") -> 14.5 | J47: =IFERROR(HYPERLINK(VLOOKUP($A47,Mythen!$A$3:$F$44,6,FALSE()),"Faktenkarte öffnen ↗"),"") -> Faktenkarte öffnen ↗
A48: =IFERROR(INDEX(Live!$A$2:$A$43,MATCH(35,Live!$P$2:$P$43,0)),"") -> 35 | B48: =IFERROR(INDEX(Live!$B$2:$B$43,MATCH(35,Live!$P$2:$P$43,0)),"") -> Cannabiskonsument:innen halten sich in geringerem Maße an soziale Regeln. | C48: =IFERROR(INDEX(Live!$C$2:$C$43,MATCH(35,Live!$P$2:$P$43,0)),"") -> Soziale Auswirkungen und Leistungsfähigkeit | D48: =IFERROR(INDEX(Live!$D$2:$D$43,MATCH(35,Live!$P$2:$P$43,0)),"") -> Eher falsch | E48: =IFERROR(INDEX(Live!$E$2:$E$43,MATCH(35,Live!$P$2:$P$43,0)),"") -> 13.89 | F48: =IFERROR(INDEX(Live!$F$2:$F$43,MATCH(35,Live!$P$2:$P$43,0)),"") -> 66.75 | G48: =IFERROR(INDEX(Live!$G$2:$G$43,MATCH(35,Live!$P$2:$P$43,0)),"") -> 63.33 | H48: =IFERROR(INDEX(Live!$H$2:$H$43,MATCH(35,Live!$P$2:$P$43,0)),"") -> 36.99 | I48: =IFERROR(INDEX(Live!$I$2:$I$43,MATCH(35,Live!$P$2:$P$43,0)),"") -> 5.7 | J48: =IFERROR(HYPERLINK(VLOOKUP($A48,Mythen!$A$3:$F$44,6,FALSE()),"Faktenkarte öffnen ↗"),"") -> Faktenkarte öffnen ↗
A49: =IFERROR(INDEX(Live!$A$2:$A$43,MATCH(36,Live!$P$2:$P$43,0)),"") -> 36 | B49: =IFERROR(INDEX(Live!$B$2:$B$43,MATCH(36,Live!$P$2:$P$43,0)),"") -> Cannabiskonsum führt zu niedrigen Leistungen. | C49: =IFERROR(INDEX(Live!$C$2:$C$43,MATCH(36,Live!$P$2:$P$43,0)),"") -> Soziale Auswirkungen und Leistungsfähigkeit | D49: =IFERROR(INDEX(Live!$D$2:$D$43,MATCH(36,Live!$P$2:$P$43,0)),"") -> Eher falsch | E49: =IFERROR(INDEX(Live!$E$2:$E$43,MATCH(36,Live!$P$2:$P$43,0)),"") -> 27.8 | F49: =IFERROR(INDEX(Live!$F$2:$F$43,MATCH(36,Live!$P$2:$P$43,0)),"") -> 69.36 | G49: =IFERROR(INDEX(Live!$G$2:$G$43,MATCH(36,Live!$P$2:$P$43,0)),"") -> 55.28 | H49: =IFERROR(INDEX(Live!$H$2:$H$43,MATCH(36,Live!$P$2:$P$43,0)),"") -> 42.95 | I49: =IFERROR(INDEX(Live!$I$2:$I$43,MATCH(36,Live!$P$2:$P$43,0)),"") -> 12.9 | J49: =IFERROR(HYPERLINK(VLOOKUP($A49,Mythen!$A$3:$F$44,6,FALSE()),"Faktenkarte öffnen ↗"),"") -> Faktenkarte öffnen ↗
A50: =IFERROR(INDEX(Live!$A$2:$A$43,MATCH(37,Live!$P$2:$P$43,0)),"") -> 37 | B50: =IFERROR(INDEX(Live!$B$2:$B$43,MATCH(37,Live!$P$2:$P$43,0)),"") -> Cannabiskonsum geht einher mit einem niedrigen sozialen Niveau. | C50: =IFERROR(INDEX(Live!$C$2:$C$43,MATCH(37,Live!$P$2:$P$43,0)),"") -> Soziale Auswirkungen und Leistungsfähigkeit | D50: =IFERROR(INDEX(Live!$D$2:$D$43,MATCH(37,Live!$P$2:$P$43,0)),"") -> Falsch | E50: =IFERROR(INDEX(Live!$E$2:$E$43,MATCH(37,Live!$P$2:$P$43,0)),"") -> 12.48 | F50: =IFERROR(INDEX(Live!$F$2:$F$43,MATCH(37,Live!$P$2:$P$43,0)),"") -> 55.44 | G50: =IFERROR(INDEX(Live!$G$2:$G$43,MATCH(37,Live!$P$2:$P$43,0)),"") -> 35.85 | H50: =IFERROR(INDEX(Live!$H$2:$H$43,MATCH(37,Live!$P$2:$P$43,0)),"") -> 48.16 | I50: =IFERROR(INDEX(Live!$I$2:$I$43,MATCH(37,Live!$P$2:$P$43,0)),"") -> 6.4 | J50: =IFERROR(HYPERLINK(VLOOKUP($A50,Mythen!$A$3:$F$44,6,FALSE()),"Faktenkarte öffnen ↗"),"") -> Faktenkarte öffnen ↗
A51: =IFERROR(INDEX(Live!$A$2:$A$43,MATCH(38,Live!$P$2:$P$43,0)),"") -> 38 | B51: =IFERROR(INDEX(Live!$B$2:$B$43,MATCH(38,Live!$P$2:$P$43,0)),"") -> Cannabiskonsum ist cool. | C51: =IFERROR(INDEX(Live!$C$2:$C$43,MATCH(38,Live!$P$2:$P$43,0)),"") -> Soziale Auswirkungen und Leistungsfähigkeit | D51: =IFERROR(INDEX(Live!$D$2:$D$43,MATCH(38,Live!$P$2:$P$43,0)),"") -> Falsch | E51: =IFERROR(INDEX(Live!$E$2:$E$43,MATCH(38,Live!$P$2:$P$43,0)),"") -> 13.91 | F51: =IFERROR(INDEX(Live!$F$2:$F$43,MATCH(38,Live!$P$2:$P$43,0)),"") -> 30.78 | G51: =IFERROR(INDEX(Live!$G$2:$G$43,MATCH(38,Live!$P$2:$P$43,0)),"") -> 61.8 | H51: =IFERROR(INDEX(Live!$H$2:$H$43,MATCH(38,Live!$P$2:$P$43,0)),"") -> 23.73 | I51: =IFERROR(INDEX(Live!$I$2:$I$43,MATCH(38,Live!$P$2:$P$43,0)),"") -> 4 | J51: =IFERROR(HYPERLINK(VLOOKUP($A51,Mythen!$A$3:$F$44,6,FALSE()),"Faktenkarte öffnen ↗"),"") -> Faktenkarte öffnen ↗
A52: =IFERROR(INDEX(Live!$A$2:$A$43,MATCH(39,Live!$P$2:$P$43,0)),"") -> 39 | B52: =IFERROR(INDEX(Live!$B$2:$B$43,MATCH(39,Live!$P$2:$P$43,0)),"") -> Ein großer Teil der Bevölkerung konsumiert Cannabis. | C52: =IFERROR(INDEX(Live!$C$2:$C$43,MATCH(39,Live!$P$2:$P$43,0)),"") -> Verbreitung in der Bevölkerung und Gesetzgebung | D52: =IFERROR(INDEX(Live!$D$2:$D$43,MATCH(39,Live!$P$2:$P$43,0)),"") -> Falsch | E52: =IFERROR(INDEX(Live!$E$2:$E$43,MATCH(39,Live!$P$2:$P$43,0)),"") -> 18.44 | F52: =IFERROR(INDEX(Live!$F$2:$F$43,MATCH(39,Live!$P$2:$P$43,0)),"") -> 54.83 | G52: =IFERROR(INDEX(Live!$G$2:$G$43,MATCH(39,Live!$P$2:$P$43,0)),"") -> 25.5 | H52: =IFERROR(INDEX(Live!$H$2:$H$43,MATCH(39,Live!$P$2:$P$43,0)),"") -> 51.36 | I52: =IFERROR(INDEX(Live!$I$2:$I$43,MATCH(39,Live!$P$2:$P$43,0)),"") -> 10 | J52: =IFERROR(HYPERLINK(VLOOKUP($A52,Mythen!$A$3:$F$44,6,FALSE()),"Faktenkarte öffnen ↗"),"") -> Faktenkarte öffnen ↗
A53: =IFERROR(INDEX(Live!$A$2:$A$43,MATCH(40,Live!$P$2:$P$43,0)),"") -> 40 | B53: =IFERROR(INDEX(Live!$B$2:$B$43,MATCH(40,Live!$P$2:$P$43,0)),"") -> Cannabiskonsum ist nun für alle überall erlaubt. | C53: =IFERROR(INDEX(Live!$C$2:$C$43,MATCH(40,Live!$P$2:$P$43,0)),"") -> Verbreitung in der Bevölkerung und Gesetzgebung | D53: =IFERROR(INDEX(Live!$D$2:$D$43,MATCH(40,Live!$P$2:$P$43,0)),"") -> Falsch | E53: =IFERROR(INDEX(Live!$E$2:$E$43,MATCH(40,Live!$P$2:$P$43,0)),"") -> 17.85 | F53: =IFERROR(INDEX(Live!$F$2:$F$43,MATCH(40,Live!$P$2:$P$43,0)),"") -> 52.1 | G53: =IFERROR(INDEX(Live!$G$2:$G$43,MATCH(40,Live!$P$2:$P$43,0)),"") -> 35.76 | H53: =IFERROR(INDEX(Live!$H$2:$H$43,MATCH(40,Live!$P$2:$P$43,0)),"") -> 44.39 | I53: =IFERROR(INDEX(Live!$I$2:$I$43,MATCH(40,Live!$P$2:$P$43,0)),"") -> 8.5 | J53: =IFERROR(HYPERLINK(VLOOKUP($A53,Mythen!$A$3:$F$44,6,FALSE()),"Faktenkarte öffnen ↗"),"") -> Faktenkarte öffnen ↗
A54: =IFERROR(INDEX(Live!$A$2:$A$43,MATCH(41,Live!$P$2:$P$43,0)),"") -> 41 | B54: =IFERROR(INDEX(Live!$B$2:$B$43,MATCH(41,Live!$P$2:$P$43,0)),"") -> Die Teillegalisierung wird zu einem Anstieg des Cannabiskonsums führen. | C54: =IFERROR(INDEX(Live!$C$2:$C$43,MATCH(41,Live!$P$2:$P$43,0)),"") -> Verbreitung in der Bevölkerung und Gesetzgebung | D54: =IFERROR(INDEX(Live!$D$2:$D$43,MATCH(41,Live!$P$2:$P$43,0)),"") -> Richtig | E54: =IFERROR(INDEX(Live!$E$2:$E$43,MATCH(41,Live!$P$2:$P$43,0)),"") -> 47.56 | F54: =IFERROR(INDEX(Live!$F$2:$F$43,MATCH(41,Live!$P$2:$P$43,0)),"") -> 66.33 | G54: =IFERROR(INDEX(Live!$G$2:$G$43,MATCH(41,Live!$P$2:$P$43,0)),"") -> 79.26 | H54: =IFERROR(INDEX(Live!$H$2:$H$43,MATCH(41,Live!$P$2:$P$43,0)),"") -> 23.37 | I54: =IFERROR(INDEX(Live!$I$2:$I$43,MATCH(41,Live!$P$2:$P$43,0)),"") -> 13.4 | J54: =IFERROR(HYPERLINK(VLOOKUP($A54,Mythen!$A$3:$F$44,6,FALSE()),"Faktenkarte öffnen ↗"),"") -> Faktenkarte öffnen ↗
A55: =IFERROR(INDEX(Live!$A$2:$A$43,MATCH(42,Live!$P$2:$P$43,0)),"") -> 42 | B55: =IFERROR(INDEX(Live!$B$2:$B$43,MATCH(42,Live!$P$2:$P$43,0)),"") -> Die Teillegalisierung wird zu einem Anstieg des Cannabiskonsums unter Minderjährigen führen. | C55: =IFERROR(INDEX(Live!$C$2:$C$43,MATCH(42,Live!$P$2:$P$43,0)),"") -> Verbreitung in der Bevölkerung und Gesetzgebung | D55: =IFERROR(INDEX(Live!$D$2:$D$43,MATCH(42,Live!$P$2:$P$43,0)),"") -> Eher falsch | E55: =IFERROR(INDEX(Live!$E$2:$E$43,MATCH(42,Live!$P$2:$P$43,0)),"") -> 42.19 | F55: =IFERROR(INDEX(Live!$F$2:$F$43,MATCH(42,Live!$P$2:$P$43,0)),"") -> 71.88 | G55: =IFERROR(INDEX(Live!$G$2:$G$43,MATCH(42,Live!$P$2:$P$43,0)),"") -> 53.06 | H55: =IFERROR(INDEX(Live!$H$2:$H$43,MATCH(42,Live!$P$2:$P$43,0)),"") -> 45.73 | I55: =IFERROR(INDEX(Live!$I$2:$I$43,MATCH(42,Live!$P$2:$P$43,0)),"") -> 20.7 | J55: =IFERROR(HYPERLINK(VLOOKUP($A55,Mythen!$A$3:$F$44,6,FALSE()),"Faktenkarte öffnen ↗"),"") -> Faktenkarte öffnen ↗

Sheet Erläuterungen
A1: Erläuterungen — Begriffe und Lesehinweise zum Daten-Explorer
A3: Worum geht es? | B3: Diese Datei zeigt die Ergebnisse des Forschungsprojekts CaRM (Cannabis – Risiken und Mythen, ISD Hamburg) zu 42 Mythen rund um Cannabis. Sie ist als Arbeitshilfe für Präventionsfachkräfte, Lehrkräfte und andere Multiplikator:innen gedacht. Über die Filter und die Sortierung lassen sich die Mythen schnell nach Themen, Klassifikation, Zielgruppe oder Indikatoren erschließen.
A4: Wichtig — keine Nachrechnung | B4: Die ausgewiesenen Werte sind das Ergebnis umfangreicher methodischer Transformationen: Standardisierung in den Wertebereich 0–100 (Punkte), Gewichtung für die Bevölkerungsgruppen Volljährige und Minderjährige. Eine eigenständige Nachrechnung anhand der hier gezeigten Zahlen ist nicht möglich, weil zu viele Zwischenschritte fehlen.
A5: Wissenschaftliche Klassifikation | B5: Vier Stufen plus 'Keine Aussage möglich': Richtig · Eher richtig · Eher falsch · Falsch. Basis: internationale Literatur bis September 2025. Für zwei Mythen (m12 Entzündungen, m17 Abnehmen) reicht die Evidenz für eine Einordnung nicht aus — sie tragen den Wert 'Keine Aussage möglich'.
A6: Datengrundlage | B6: Drei Erhebungspanels, Sommer 2025: 2.079 Volljährige (18–70, gewichtet), 555 Minderjährige (16–17, gewichtet), 143 aktuell Konsumierende über Anbauvereinigungen (ungewichtet). Quelle: ISD Hamburg, Forschungsprojekt CaRM.
A7: Zielgruppe | B7: Mit dem Dropdown 'Zielgruppe' wechseln alle Indikator-Spalten zwischen den fünf Befragungsgruppen: Volljährige, Minderjährige, aktuell Konsumierende, Junge Erwachsene (18–26) und Eltern minderjähriger Kinder.
A8: Kenntnis Mythos (in %) | B8: Anteil der Befragten in der gewählten Zielgruppe, der den Mythos kennt. Den Befragten wurden die 42 Mythen vorgelegt; sie haben die ausgewählt, die sie schon einmal gehört oder gelesen haben.
A9: Individuelle Bedeutung (Punkte 0–100) | B9: Wie wichtig ist der Mythos den Befragten für ihren eigenen Umgang mit Cannabis? Beurteilung auf einer vierstufigen Skala 'sehr wichtig' bis 'unwichtig', transformiert auf 0–100 Punkte (höher = bedeutsamer). Werte gelten jeweils nur für die Befragten, die den Mythos kennen.
A10: Richtigkeit der Beurteilung (Punkte 0–100) | B10: Wie nah liegt das Urteil der Befragten an der wissenschaftlichen Klassifikation? Beurteilung des Mythos vierstufig erhoben, dann mit der Einordnung der Wissenschaft abgeglichen und auf 0–100 transformiert. 0 = durchgehend konträr zur Wissenschaft · 100 = durchgehend übereinstimmend.
A11: Präventionsbedeutung (Punkte 0–100) | B11: Setzung des Projektteams: Bedeutsamkeit × invers(Richtigkeit). Ein hoher Wert bedeutet, der Mythos ist den Befragten wichtig UND wird falsch beurteilt — also präventionsrelevant. Zwei Faktoren multipliziert, anschließend auf 0–100 transformiert.
A12: Bevölkerungsrelevanz (Punkte 0–100) | B12: Nur für die Bevölkerungsgruppen Volljährige und Minderjährige ausgewiesen. Präventionsbedeutung × Kenntnisanteil — also: hoher Wert = bei vielen Menschen präventionsrelevant. Bei den Subzielgruppen (Konsumierende, Junge Erwachsene, Eltern) bleibt die Spalte leer; das entspricht der Auswertungslogik im CaRM-Projekt.
A13: Filter und Sortierung | B13: Filter (Zielgruppe, Klassifikation, Kategorie, Suche im Mythos-Text) und die beiden Sortierregler oben kombinieren sich. Das Feld 'Treffer' zeigt, wie viele der 42 Mythen aktuell sichtbar sind. 'Suche' ist eine Teilwort-Suche, Groß- und Kleinschreibung werden ignoriert.
A14: Faktenkarten (Hyperlinks) | B14: Jede Zeile endet mit einem Link 'Faktenkarte öffnen ↗' zur ausführlichen Faktenkarte des Mythos auf der CaRM-Website (cannabismythen.netlify.app/daten-explorer/...). Dort finden sich die ausführliche Begründung der Klassifikation und Quellen.
A15: Keine Repräsentativität | B15: Die Stichproben beziehen sich auf Erwachsene 18–70 und Minderjährige 16–17 in einer Bevölkerungsbefragung in Deutschland — nicht auf 'die Bevölkerung' im Sinne der gesamten 80 Mio. Menschen. Bitte diese Lesart bei der Weiterverwendung beibehalten.

Sheet Listen
A1: Zielgruppen | B1: Klassifikationen | C1: Kategorien | D1: Sortierfeld | E1: SpaltenIndex | F1: Reihenfolge | G1: Berechnet | H1: Klassifikation | I1: Reihenfolge
A2: Erwachsene (18–70) | B2: Alle | C2: Alle | D2: Mythos-Nr. | E2: 1 | F2: Aufsteigend | G2: =IFERROR(VLOOKUP(sortFeld,$D$2:$E$10,2,FALSE()),1) -> 1 | H2: Richtig | I2: 1
A3: Minderjährige (16–17) | B3: Richtig | C3: Medizinischer und therapeutischer Nutzen | D3: Mythos | E3: 2 | F3: Absteigend | G3: =IF(sortReihen="Absteigend",-1,1) -> 1 | H3: Eher richtig | I3: 2
A4: Konsumierende (letzte 30 Tage) | B4: Eher richtig | C4: Allgemeine Einschätzung der Gefährlichkeit | D4: Kategorie | E4: 3 | H4: Eher falsch | I4: 3
A5: Junge Erwachsene (18–26) | B5: Eher falsch | C5: Risiken durch Dosierung und Qualität | D5: Klassifikation | E5: 4 | H5: Falsch | I5: 4
A6: Eltern minderjähriger Kinder | B6: Falsch | C6: Risiken für den Körper und die Entwicklung | D6: Kenntnis % | E6: 5 | H6: Keine Aussage möglich | I6: 5
B7: Keine Aussage möglich | C7: Risiken für die psychische Gesundheit | D7: Bedeutung | E7: 6
C8: Einfluss auf Stimmung und Wahrnehmung | D8: Richtigkeit | E8: 7
C9: Soziale Auswirkungen und Leistungsfähigkeit | D9: Präv.-Bedeutung | E9: 8
C10: Verbreitung in der Bevölkerung und Gesetzgebung | D10: Bevölk.-Relevanz | E10: 9

Sheet Daten
A1: Daten-Lookup: Mythos × Zielgruppe × Indikatoren (Quelle: carm-data.json)
A2: myth_id | B2: group_id | C2: Zielgruppe | D2: Kenntnis % | E2: Bedeutung Pkt. | F2: Richtigkeit Pkt. | G2: Präventionsbedeutung Pkt. | H2: Bevölkerungsrelevanz Pkt.
A3: 1 | B3: adults | C3: Erwachsene (18–70) | D3: 12.32 | E3: 52.82 | F3: 49.1 | G3: 41.49 | H3: 5.6
A4: 1 | B4: minors | C4: Minderjährige (16–17) | D4: 20.29 | E4: 48.72 | F4: 47.29 | G4: 38.2 | H4: 8.5
A5: 1 | B5: consumers | C5: Konsumierende (letzte 30 Tage) | D5: 22.03 | E5: 54.17 | F5: 43.07 | G5: 46.36
A6: 1 | B6: young_adults | C6: Junge Erwachsene (18–26) | D6: 16.01 | E6: 53.47 | F6: 46.94 | G6: 43.19
A7: 1 | B7: parents | C7: Eltern minderjähriger Kinder | D7: 11.82 | E7: 52.46 | F7: 45.9 | G7: 42.62
A8: 2 | B8: adults | C8: Erwachsene (18–70) | D8: 18.02 | E8: 52.63 | F8: 63.77 | G8: 31.78 | H8: 6.5
A9: 2 | B9: minors | C9: Minderjährige (16–17) | D9: 21.26 | E9: 53.61 | F9: 66.76 | G9: 32.06 | H9: 7.7
A10: 2 | B10: consumers | C10: Konsumierende (letzte 30 Tage) | D10: 33.42 | E10: 61.15 | F10: 45.68 | G10: 45.96
A11: 2 | B11: young_adults | C11: Junge Erwachsene (18–26) | D11: 21.24 | E11: 60.94 | F11: 52.82 | G11: 41.04
A12: 2 | B12: parents | C12: Eltern minderjähriger Kinder | D12: 21.12 | E12: 49.24 | F12: 68.5 | G12: 27.83
A13: 3 | B13: adults | C13: Erwachsene (18–70) | D13: 48.64 | E13: 76.78 | F13: 77.93 | G13: 30.43 | H13: 16.9
A14: 3 | B14: minors | C14: Minderjährige (16–17) | D14: 46.36 | E14: 78.02 | F14: 74.75 | G14: 32.92 | H14: 17.2
A15: 3 | B15: consumers | C15: Konsumierende (letzte 30 Tage) | D15: 59.41 | E15: 69.58 | F15: 78.33 | G15: 27.67
A16: 3 | B16: young_adults | C16: Junge Erwachsene (18–26) | D16: 49.35 | E16: 69.76 | F16: 78.59 | G16: 27.59
A17: 3 | B17: parents | C17: Eltern minderjähriger Kinder | D17: 50.97 | E17: 80.41 | F17: 76.93 | G17: 32.19
A18: 4 | B18: adults | C18: Erwachsene (18–70) | D18: 35.16 | E18: 62.1 | F18: 69.66 | G18: 27.37 | H18: 11.2
A19: 4 | B19: minors | C19: Minderjährige (16–17) | D19: 34.58 | E19: 61.8 | F19: 61.47 | G19: 32.04 | H19: 12.5
A20: 4 | B20: consumers | C20: Konsumierende (letzte 30 Tage) | D20: 72.52 | E20: 75.09 | F20: 87.49 | G20: 21.98
A21: 4 | B21: young_adults | C21: Junge Erwachsene (18–26) | D21: 53.92 | E21: 67.07 | F21: 78.38 | G21: 24.48
A22: 4 | B22: parents | C22: Eltern minderjähriger Kinder | D22: 40.12 | E22: 65.06 | F22: 72.14 | G22: 27.18
A23: 5 | B23: adults | C23: Erwachsene (18–70) | D23: 16.33 | E23: 68.51 | F23: 76.43 | G23: 26.37 | H23: 5.1
A24: 5 | B24: minors | C24: Minderjährige (16–17) | D24: 27.68 | E24: 67.58 | F24: 67.47 | G24: 31.01 | H24: 9.8
A25: 5 | B25: consumers | C25: Konsumierende (letzte 30 Tage) | D25: 17.82 | E25: 54.17 | F25: 56.94 | G25: 30.83
A26: 5 | B26: young_adults | C26: Junge Erwachsene (18–26) | D26: 16.67 | E26: 67.32 | F26: 73.86 | G26: 28.1
A27: 5 | B27: parents | C27: Eltern minderjähriger Kinder | D27: 18.8 | E27: 64.26 | F27: 75.26 | G27: 25.36
A28: 6 | B28: adults | C28: Erwachsene (18–70) | D28: 43.75 | E28: 77.02 | F28: 88.97 | G28: 21.93 | H28: 11.7
A29: 6 | B29: minors | C29: Minderjährige (16–17) | D29: 48.83 | E29: 77.89 | F29: 88.2 | G29: 22.91 | H29: 13.5
A30: 6 | B30: consumers | C30: Konsumierende (letzte 30 Tage) | D30: 52.23 | E30: 67.61 | F30: 84.52 | G30: 21.17
A31: 6 | B31: young_adults | C31: Junge Erwachsene (18–26) | D31: 51.96 | E31: 75.26 | F31: 88.47 | G31: 21.3
A32: 6 | B32: parents | C32: Eltern minderjähriger Kinder | D32: 44.77 | E32: 76.19 | F32: 88.02 | G32: 22.08
A33: 7 | B33: adults | C33: Erwachsene (18–70) | D33: 35.06 | E33: 76.49 | F33: 85.7 | G33: 24.05 | H33: 10.1
A34: 7 | B34: minors | C34: Minderjährige (16–17) | D34: 42.85 | E34: 75.75 | F34: 81.81 | G34: 25.4 | H34: 12.9
A35: 7 | B35: consumers | C35: Konsumierende (letzte 30 Tage) | D35: 45.3 | E35: 77.66 | F35: 86.52 | G35: 23.66
A36: 7 | B36: young_adults | C36: Junge Erwachsene (18–26) | D36: 43.46 | E36: 76.01 | F36: 86.22 | G36: 23.28
A37: 7 | B37: parents | C37: Eltern minderjähriger Kinder | D37: 36.24 | E37: 80.75 | F37: 84.67 | G37: 26.13
A38: 8 | B38: adults | C38: Erwachsene (18–70) | D38: 42.35 | E38: 76.49 | F38: 89.87 | G38: 21.16 | H38: 11
A39: 8 | B39: minors | C39: Minderjährige (16–17) | D39: 41.83 | E39: 73.37 | F39: 85.42 | G39: 22.21 | H39: 11.3
A40: 8 | B40: consumers | C40: Konsumierende (letzte 30 Tage) | D40: 34.65 | E40: 68.81 | F40: 84.76 | G40: 21.95
A41: 8 | B41: young_adults | C41: Junge Erwachsene (18–26) | D41: 44.44 | E41: 72.06 | F41: 87.25 | G41: 21.23
A42: 8 | B42: parents | C42: Eltern minderjähriger Kinder | D42: 48.45 | E42: 81.2 | F42: 91.6 | G42: 21.33
A43: 9 | B43: adults | C43: Erwachsene (18–70) | D43: 20.71 | E43: 66.53 | F43: 74.3 | G43: 27.58 | H43: 6.6
A44: 9 | B44: minors | C44: Minderjährige (16–17) | D44: 26.28 | E44: 64.33 | F44: 66.75 | G44: 30.38 | H44: 9.1
A45: 9 | B45: consumers | C45: Konsumierende (letzte 30 Tage) | D45: 55.94 | E45: 77.43 | F45: 88.35 | G45: 22.04
A46: 9 | B46: young_adults | C46: Junge Erwachsene (18–26) | D46: 34.64 | E46: 70.75 | F46: 78.62 | G46: 25.22
A47: 9 | B47: parents | C47: Eltern minderjähriger Kinder | D47: 20.93 | E47: 64.8 | F47: 75.31 | G47: 26.48
A48: 10 | B48: adults | C48: Erwachsene (18–70) | D48: 68.28 | E48: 70.26 | F48: 49.74 | G48: 46.58 | H48: 34.1
A49: 10 | B49: minors | C49: Minderjährige (16–17) | D49: 49.01 | E49: 60.65 | F49: 55.97 | G49: 38.66 | H49: 20.8
A50: 10 | B50: consumers | C50: Konsumierende (letzte 30 Tage) | D50: 77.48 | E50: 71.79 | F50: 45.69 | G50: 49.64
A51: 10 | B51: young_adults | C51: Junge Erwachsene (18–26) | D51: 66.99 | E51: 66.99 | F51: 49.27 | G51: 44.85
A52: 10 | B52: parents | C52: Eltern minderjähriger Kinder | D52: 68.99 | E52: 69.85 | F52: 47.85 | G52: 47.47
A53: 11 | B53: adults | C53: Erwachsene (18–70) | D53: 17.95 | E53: 60.15 | F53: 71.89 | G53: 25.78 | H53: 5.5
A54: 11 | B54: minors | C54: Minderjährige (16–17) | D54: 36.43 | E54: 61.73 | F54: 72.85 | G54: 26.06 | H54: 11.2
A55: 11 | B55: consumers | C55: Konsumierende (letzte 30 Tage) | D55: 18.56 | E55: 43.11 | F55: 53.33 | G55: 29.16
A56: 11 | B56: young_adults | C56: Junge Erwachsene (18–26) | D56: 32.68 | E56: 58.33 | F56: 67.33 | G56: 28.07
A57: 11 | B57: parents | C57: Eltern minderjähriger Kinder | D57: 18.6 | E57: 55.21 | F57: 71.87 | G57: 23.47
A58: 12 | B58: adults | C58: Erwachsene (18–70) | D58: 23.28 | E58: 69.36
A59: 12 | B59: minors | C59: Minderjährige (16–17) | D59: 17.24 | E59: 58.67
A60: 12 | B60: consumers | C60: Konsumierende (letzte 30 Tage) | D60: 43.07 | E60: 70.31
A61: 12 | B61: young_adults | C61: Junge Erwachsene (18–26) | D61: 24.51 | E61: 62.22
A62: 12 | B62: parents | C62: Eltern minderjähriger Kinder | D62: 26.74 | E62: 69.57
A63: 13 | B63: adults | C63: Erwachsene (18–70) | D63: 28.64 | E63: 59.71 | F63: 78.32 | G63: 22.81 | H63: 7.9
A64: 13 | B64: minors | C64: Minderjährige (16–17) | D64: 17.7 | E64: 56.4 | F64: 69.46 | G64: 25.72 | H64: 5.4
A65: 13 | B65: consumers | C65: Konsumierende (letzte 30 Tage) | D65: 48.02 | E65: 60.79 | F65: 88.14 | G65: 17.72
A66: 13 | B66: young_adults | C66: Junge Erwachsene (18–26) | D66: 33.66 | E66: 47.25 | F66: 78.32 | G66: 18.96
A67: 13 | B67: parents | C67: Eltern minderjähriger Kinder | D67: 32.56 | E67: 56.35 | F67: 81.55 | G67: 20.24
A68: 14 | B68: adults | C68: Erwachsene (18–70) | D68: 14.96 | E68: 75.94 | F68: 76.21 | G68: 29.92 | H68: 5.1
A69: 14 | B69: minors | C69: Minderjährige (16–17) | D69: 33.97 | E69: 73.64 | F69: 75.93 | G69: 28.67 | H69: 11.3
A70: 14 | B70: consumers | C70: Konsumierende (letzte 30 Tage) | D70: 18.32 | E70: 63.06 | F70: 63.96 | G70: 31.53
A71: 14 | B71: young_adults | C71: Junge Erwachsene (18–26) | D71: 18.3 | E71: 75 | F71: 69.64 | G71: 33.81
A72: 14 | B72: parents | C72: Eltern minderjähriger Kinder | D72: 16.67 | E72: 74.81 | F72: 71.32 | G72: 32.25
A73: 15 | B73: adults | C73: Erwachsene (18–70) | D73: 16.03 | E73: 69.73 | F73: 78.8 | G73: 25.72 | H73: 4.9
A74: 15 | B74: minors | C74: Minderjährige (16–17) | D74: 28.9 | E74: 72.47 | F74: 73.91 | G74: 29.8 | H74: 9.9
A75: 15 | B75: consumers | C75: Konsumierende (letzte 30 Tage) | D75: 30.45 | E75: 59.35 | F75: 72.09 | G75: 26.45
A76: 15 | B76: young_adults | C76: Junge Erwachsene (18–26) | D76: 21.24 | E76: 71.28 | F76: 76.92 | G76: 27.38
A77: 15 | B77: parents | C77: Eltern minderjähriger Kinder | D77: 18.22 | E77: 67.73 | F77: 76.6 | G77: 27.09
A78: 16 | B78: adults | C78: Erwachsene (18–70) | D78: 10.12 | E78: 72.33 | F78: 73.59 | G78: 29.95 | H78: 3.5
A79: 16 | B79: minors | C79: Minderjährige (16–17) | D79: 27.89 | E79: 79.08 | F79: 77.26 | G79: 29.64 | H79: 9.5
A80: 16 | B80: consumers | C80: Konsumierende (letzte 30 Tage) | D80: 14.85 | E80: 65.56 | F80: 65 | G80: 32.89
A81: 16 | B81: young_adults | C81: Junge Erwachsene (18–26) | D81: 15.36 | E81: 68.79 | F81: 70.21 | G81: 30.78
A82: 16 | B82: parents | C82: Eltern minderjähriger Kinder | D82: 12.6 | E82: 73.33 | F82: 68.21 | G82: 33.95
A83: 17 | B83: adults | C83: Erwachsene (18–70) | D83: 5.55 | E83: 48.94
A84: 17 | B84: minors | C84: Minderjährige (16–17) | D84: 13.47 | E84: 45.48
A85: 17 | B85: consumers | C85: Konsumierende (letzte 30 Tage) | D85: 11.39 | E85: 52.9
A86: 17 | B86: young_adults | C86: Junge Erwachsene (18–26) | D86: 5.56 | E86: 58.82
A87: 17 | B87: parents | C87: Eltern minderjähriger Kinder | D87: 6.59 | E87: 50
A88: 18 | B88: adults | C88: Erwachsene (18–70) | D88: 38.63 | E88: 61.87 | F88: 56.37 | G88: 39.33 | H88: 16.7
A89: 18 | B89: minors | C89: Minderjährige (16–17) | D89: 30.93 | E89: 55.78 | F89: 59.87 | G89: 34.82 | H89: 12
A90: 18 | B90: consumers | C90: Konsumierende (letzte 30 Tage) | D90: 70.54 | E90: 74.88 | F90: 46.08 | G90: 51.06
A91: 18 | B91: young_adults | C91: Junge Erwachsene (18–26) | D91: 54.25 | E91: 61.65 | F91: 55.42 | G91: 39.48
A92: 18 | B92: parents | C92: Eltern minderjähriger Kinder | D92: 44.57 | E92: 62.9 | F92: 53.48 | G92: 41.19
A93: 19 | B93: adults | C93: Erwachsene (18–70) | D93: 60.56 | E93: 71.83 | F93: 87.56 | G93: 21.45 | H93: 16
A94: 19 | B94: minors | C94: Minderjährige (16–17) | D94: 56.52 | E94: 69.99 | F94: 88.1 | G94: 20.67 | H94: 14.5
A95: 19 | B95: consumers | C95: Konsumierende (letzte 30 Tage) | D95: 59.65 | E95: 67.08 | F95: 84.37 | G95: 22.16
A96: 19 | B96: young_adults | C96: Junge Erwachsene (18–26) | D96: 62.42 | E96: 71.2 | F96: 87.43 | G96: 21.08
A97: 19 | B97: parents | C97: Eltern minderjähriger Kinder | D97: 64.15 | E97: 71.7 | F97: 89.63 | G97: 20.26
A98: 20 | B98: adults | C98: Erwachsene (18–70) | D98: 44.28 | E98: 71.41 | F98: 83.34 | G98: 23.88 | H98: 12.7
A99: 20 | B99: minors | C99: Minderjährige (16–17) | D99: 45.64 | E99: 72.08 | F99: 79.63 | G99: 25.92 | H99: 13.9
A100: 20 | B100: consumers | C100: Konsumierende (letzte 30 Tage) | D100: 46.78 | E100: 57.75 | F100: 73.02 | G100: 25.53
...

Sheet Mythen
A1: Mythen-Stammdaten — 42 Einträge (final, Christian 2026-05) inkl. URL
A2: myth_id | B2: Mythos | C2: Klassifikation | D2: Kategorie | E2: Slug | F2: URL
A3: 1 | B3: Cannabis ist ein Allheilmittel. | C3: Falsch | D3: Medizinischer und therapeutischer Nutzen | E3: m01-allheilmittel | F3: https://cannabismythen.netlify.app/daten-explorer/m01-allheilmittel/
A4: 2 | B4: Cannabiskonsum ist harmlos. | C4: Falsch | D4: Allgemeine Einschätzung der Gefährlichkeit | E4: m02-harmlos | F4: https://cannabismythen.netlify.app/daten-explorer/m02-harmlos/
A5: 3 | B5: Cannabiskonsum durch Heranwachsende führt in stärkerem Maße als bei Erwachsenen zu gesundheitlichen Schäden. | C5: Eher richtig | D5: Allgemeine Einschätzung der Gefährlichkeit | E5: m03-heranwachsende | F5: https://cannabismythen.netlify.app/daten-explorer/m03-heranwachsende/
A6: 4 | B6: Cannabis ist weniger schädlich als Alkohol. | C6: Richtig | D6: Allgemeine Einschätzung der Gefährlichkeit | E6: m04-weniger-schaedlich-alkohol | F6: https://cannabismythen.netlify.app/daten-explorer/m04-weniger-schaedlich-alkohol/
A7: 5 | B7: Cannabis ist schwierig zu dosieren. | C7: Richtig | D7: Risiken durch Dosierung und Qualität | E7: m05-schwierig-dosieren | F7: https://cannabismythen.netlify.app/daten-explorer/m05-schwierig-dosieren/
A8: 6 | B8: Mischkonsum von Cannabis mit anderen Substanzen ist besonders risikoreich. | C8: Richtig | D8: Risiken durch Dosierung und Qualität | E8: m06-mischkonsum | F8: https://cannabismythen.netlify.app/daten-explorer/m06-mischkonsum/
A9: 7 | B9: Zusätze im Cannabis führen zu erhöhten Gesundheitsrisiken. | C9: Richtig | D9: Risiken durch Dosierung und Qualität | E9: m07-zusaetze | F9: https://cannabismythen.netlify.app/daten-explorer/m07-zusaetze/
A10: 8 | B10: Cannabiskonsum schädigt den Fötus. | C10: Richtig | D10: Risiken für den Körper und die Entwicklung | E10: m08-foetus | F10: https://cannabismythen.netlify.app/daten-explorer/m08-foetus/
A11: 9 | B11: Eine Überdosierung von Cannabis führt nicht zum Tod. | C11: Richtig | D11: Risiken durch Dosierung und Qualität | E11: m09-ueberdosierung | F11: https://cannabismythen.netlify.app/daten-explorer/m09-ueberdosierung/
A12: 10 | B12: Cannabis wirkt gegen Schmerzen. | C12: Eher falsch | D12: Medizinischer und therapeutischer Nutzen | E12: m10-schmerzen | F12: https://cannabismythen.netlify.app/daten-explorer/m10-schmerzen/
A13: 11 | B13: Cannabiskonsum bewirkt Übelkeit und Erbrechen. | C13: Richtig | D13: Risiken für den Körper und die Entwicklung | E13: m11-uebelkeit | F13: https://cannabismythen.netlify.app/daten-explorer/m11-uebelkeit/
A14: 12 | B14: Cannabis hemmt Entzündungen. | C14: Keine Aussage möglich | D14: Medizinischer und therapeutischer Nutzen | E14: m12-entzuendungen | F14: https://cannabismythen.netlify.app/daten-explorer/m12-entzuendungen/
... A44: 42 | B44: Die Teillegalisierung wird zu einem Anstieg des Cannabiskonsums unter Minderjährigen führen. | C44: Eher falsch | D44: Verbreitung in der Bevölkerung und Gesetzgebung | E44: m41-m42-anstieg-konsum | F44: https://cannabismythen.netlify.app/daten-explorer/m41-m42-anstieg-konsum/

Sheet Live
A1: myth_id | B1: Mythos | C1: Kategorie | D1: Klassifikation | E1: Kenntnis % | F1: Bedeutung | G1: Richtigkeit | H1: Präv.-Bedeutung | I1: Bevölk.-Relevanz | J1: _klassMatch | K1: _katMatch | L1: _sucheMatch | M1: _includeFlag | N1: _rawSort | O1: _sortKey | P1: _rank
A2: 1 | B2: Cannabis ist ein Allheilmittel. | C2: Medizinischer und therapeutischer Nutzen | D2: Falsch | E2: =IF(COUNTIFS(Daten[myth_id],1,Daten[Zielgruppe],selectedGroup,Daten[Kenntnis %],"<>")=0,"",SUMIFS(Daten[Kenntnis %],Daten[myth_id],1,Daten[Zielgruppe],selectedGroup)) -> 12.32 | F2: =IF(COUNTIFS(Daten[myth_id],1,Daten[Zielgruppe],selectedGroup,Daten[Bedeutung Pkt.],"<>")=0,"",SUMIFS(Daten[Bedeutung Pkt.],Daten[myth_id],1,Daten[Zielgruppe],selectedGroup)) -> 52.82 | G2: =IF(COUNTIFS(Daten[myth_id],1,Daten[Zielgruppe],selectedGroup,Daten[Richtigkeit Pkt.],"<>")=0,"",SUMIFS(Daten[Richtigkeit Pkt.],Daten[myth_id],1,Daten[Zielgruppe],selectedGroup)) -> 49.1 | H2: =IF(COUNTIFS(Daten[myth_id],1,Daten[Zielgruppe],selectedGroup,Daten[Präventionsbedeutung Pkt.],"<>")=0,"",SUMIFS(Daten[Präventionsbedeutung Pkt.],Daten[myth_id],1,Daten[Zielgruppe],selectedGroup)) -> 41.49 | I2: =IF(COUNTIFS(Daten[myth_id],1,Daten[Zielgruppe],selectedGroup,Daten[Bevölkerungsrelevanz Pkt.],"<>")=0,"",SUMIFS(Daten[Bevölkerungsrelevanz Pkt.],Daten[myth_id],1,Daten[Zielgruppe],selectedGroup)) -> 5.6 | J2: =IF(klassFilter="Alle",1,IF($D2=klassFilter,1,0)) -> 1 | K2: =IF(katFilter="Alle",1,IF($C2=katFilter,1,0)) -> 1 | L2: =IF(LEN(sucheText)=0,1,IFERROR(IF(ISNUMBER(SEARCH(sucheText,$B2)),1,0),0)) -> 1 | M2: =$J2*$K2*$L2 -> 1 | N2: =CHOOSE(sortIdx,$A2,COUNTIF(Live!$B$2:$B$43,"<"&$B2)+1,COUNTIF(Live!$C$2:$C$43,"<"&$C2)+1,IFERROR(VLOOKUP($D2,Listen!$H$2:$I$6,2,FALSE()),99),$E2,$F2,$G2,$H2,$I2) -> 1 | O2: =IF($N2="",100000,sortDir*$N2)+ROW()*0.0001 -> 1.0002 | P2: =IF($M2<>1,0,COUNTIFS(Live!$M$2:$M$43,1,Live!$O$2:$O$43,"<"&$O2)+1) -> 1
A3: 2 | B3: Cannabiskonsum ist harmlos. | C3: Allgemeine Einschätzung der Gefährlichkeit | D3: Falsch | E3: =IF(COUNTIFS(Daten[myth_id],2,Daten[Zielgruppe],selectedGroup,Daten[Kenntnis %],"<>")=0,"",SUMIFS(Daten[Kenntnis %],Daten[myth_id],2,Daten[Zielgruppe],selectedGroup)) -> 18.02 | F3: =IF(COUNTIFS(Daten[myth_id],2,Daten[Zielgruppe],selectedGroup,Daten[Bedeutung Pkt.],"<>")=0,"",SUMIFS(Daten[Bedeutung Pkt.],Daten[myth_id],2,Daten[Zielgruppe],selectedGroup)) -> 52.63 | G3: =IF(COUNTIFS(Daten[myth_id],2,Daten[Zielgruppe],selectedGroup,Daten[Richtigkeit Pkt.],"<>")=0,"",SUMIFS(Daten[Richtigkeit Pkt.],Daten[myth_id],2,Daten[Zielgruppe],selectedGroup)) -> 63.77 | H3: =IF(COUNTIFS(Daten[myth_id],2,Daten[Zielgruppe],selectedGroup,Daten[Präventionsbedeutung Pkt.],"<>")=0,"",SUMIFS(Daten[Präventionsbedeutung Pkt.],Daten[myth_id],2,Daten[Zielgruppe],selectedGroup)) -> 31.78 | I3: =IF(COUNTIFS(Daten[myth_id],2,Daten[Zielgruppe],selectedGroup,Daten[Bevölkerungsrelevanz Pkt.],"<>")=0,"",SUMIFS(Daten[Bevölkerungsrelevanz Pkt.],Daten[myth_id],2,Daten[Zielgruppe],selectedGroup)) -> 6.5 | J3: =IF(klassFilter="Alle",1,IF($D3=klassFilter,1,0)) -> 1 | K3: =IF(katFilter="Alle",1,IF($C3=katFilter,1,0)) -> 1 | L3: =IF(LEN(sucheText)=0,1,IFERROR(IF(ISNUMBER(SEARCH(sucheText,$B3)),1,0),0)) -> 1 | M3: =$J3*$K3*$L3 -> 1 | N3: =CHOOSE(sortIdx,$A3,COUNTIF(Live!$B$2:$B$43,"<"&$B3)+1,COUNTIF(Live!$C$2:$C$43,"<"&$C3)+1,IFERROR(VLOOKUP($D3,Listen!$H$2:$I$6,2,FALSE()),99),$E3,$F3,$G3,$H3,$I3) -> 2 | O3: =IF($N3="",100000,sortDir*$N3)+ROW()*0.0001 -> 2.0003 | P3: =IF($M3<>1,0,COUNTIFS(Live!$M$2:$M$43,1,Live!$O$2:$O$43,"<"&$O3)+1) -> 2
A4: 3 | B4: Cannabiskonsum durch Heranwachsende führt in stärkerem Maße als bei Erwachsenen zu gesundheitlichen Schäden. | C4: Allgemeine Einschätzung der Gefährlichkeit | D4: Eher richtig | E4: =IF(COUNTIFS(Daten[myth_id],3,Daten[Zielgruppe],selectedGroup,Daten[Kenntnis %],"<>")=0,"",SUMIFS(Daten[Kenntnis %],Daten[myth_id],3,Daten[Zielgruppe],selectedGroup)) -> 48.64 | F4: =IF(COUNTIFS(Daten[myth_id],3,Daten[Zielgruppe],selectedGroup,Daten[Bedeutung Pkt.],"<>")=0,"",SUMIFS(Daten[Bedeutung Pkt.],Daten[myth_id],3,Daten[Zielgruppe],selectedGroup)) -> 76.78 | G4: =IF(COUNTIFS(Daten[myth_id],3,Daten[Zielgruppe],selectedGroup,Daten[Richtigkeit Pkt.],"<>")=0,"",SUMIFS(Daten[Richtigkeit Pkt.],Daten[myth_id],3,Daten[Zielgruppe],selectedGroup)) -> 77.93 | H4: =IF(COUNTIFS(Daten[myth_id],3,Daten[Zielgruppe],selectedGroup,Daten[Präventionsbedeutung Pkt.],"<>")=0,"",SUMIFS(Daten[Präventionsbedeutung Pkt.],Daten[myth_id],3,Daten[Zielgruppe],selectedGroup)) -> 30.43 | I4: =IF(COUNTIFS(Daten[myth_id],3,Daten[Zielgruppe],selectedGroup,Daten[Bevölkerungsrelevanz Pkt.],"<>")=0,"",SUMIFS(Daten[Bevölkerungsrelevanz Pkt.],Daten[myth_id],3,Daten[Zielgruppe],selectedGroup)) -> 16.9 | J4: =IF(klassFilter="Alle",1,IF($D4=klassFilter,1,0)) -> 1 | K4: =IF(katFilter="Alle",1,IF($C4=katFilter,1,0)) -> 1 | L4: =IF(LEN(sucheText)=0,1,IFERROR(IF(ISNUMBER(SEARCH(sucheText,$B4)),1,0),0)) -> 1 | M4: =$J4*$K4*$L4 -> 1 | N4: =CHOOSE(sortIdx,$A4,COUNTIF(Live!$B$2:$B$43,"<"&$B4)+1,COUNTIF(Live!$C$2:$C$43,"<"&$C4)+1,IFERROR(VLOOKUP($D4,Listen!$H$2:$I$6,2,FALSE()),99),$E4,$F4,$G4,$H4,$I4) -> 3 | O4: =IF($N4="",100000,sortDir*$N4)+ROW()*0.0001 -> 3.0004 | P4: =IF($M4<>1,0,COUNTIFS(Live!$M$2:$M$43,1,Live!$O$2:$O$43,"<"&$O4)+1) -> 3
A5: 4 | B5: Cannabis ist weniger schädlich als Alkohol. | C5: Allgemeine Einschätzung der Gefährlichkeit | D5: Richtig | E5: =IF(COUNTIFS(Daten[myth_id],4,Daten[Zielgruppe],selectedGroup,Daten[Kenntnis %],"<>")=0,"",SUMIFS(Daten[Kenntnis %],Daten[myth_id],4,Daten[Zielgruppe],selectedGroup)) -> 35.16 | F5: =IF(COUNTIFS(Daten[myth_id],4,Daten[Zielgruppe],selectedGroup,Daten[Bedeutung Pkt.],"<>")=0,"",SUMIFS(Daten[Bedeutung Pkt.],Daten[myth_id],4,Daten[Zielgruppe],selectedGroup)) -> 62.1 | G5: =IF(COUNTIFS(Daten[myth_id],4,Daten[Zielgruppe],selectedGroup,Daten[Richtigkeit Pkt.],"<>")=0,"",SUMIFS(Daten[Richtigkeit Pkt.],Daten[myth_id],4,Daten[Zielgruppe],selectedGroup)) -> 69.66 | H5: =IF(COUNTIFS(Daten[myth_id],4,Daten[Zielgruppe],selectedGroup,Daten[Präventionsbedeutung Pkt.],"<>")=0,"",SUMIFS(Daten[Präventionsbedeutung Pkt.],Daten[myth_id],4,Daten[Zielgruppe],selectedGroup)) -> 27.37 | I5: =IF(COUNTIFS(Daten[myth_id],4,Daten[Zielgruppe],selectedGroup,Daten[Bevölkerungsrelevanz Pkt.],"<>")=0,"",SUMIFS(Daten[Bevölkerungsrelevanz Pkt.],Daten[myth_id],4,Daten[Zielgruppe],selectedGroup)) -> 11.2 | J5: =IF(klassFilter="Alle",1,IF($D5=klassFilter,1,0)) -> 1 | K5: =IF(katFilter="Alle",1,IF($C5=katFilter,1,0)) -> 1 | L5: =IF(LEN(sucheText)=0,1,IFERROR(IF(ISNUMBER(SEARCH(sucheText,$B5)),1,0),0)) -> 1 | M5: =$J5*$K5*$L5 -> 1 | N5: =CHOOSE(sortIdx,$A5,COUNTIF(Live!$B$2:$B$43,"<"&$B5)+1,COUNTIF(Live!$C$2:$C$43,"<"&$C5)+1,IFERROR(VLOOKUP($D5,Listen!$H$2:$I$6,2,FALSE()),99),$E5,$F5,$G5,$H5,$I5) -> 4 | O5: =IF($N5="",100000,sortDir*$N5)+ROW()*0.0001 -> 4.0005 | P5: =IF($M5<>1,0,COUNTIFS(Live!$M$2:$M$43,1,Live!$O$2:$O$43,"<"&$O5)+1) -> 4
A6: 5 | B6: Cannabis ist schwierig zu dosieren. | C6: Risiken durch Dosierung und Qualität | D6: Richtig | E6: =IF(COUNTIFS(Daten[myth_id],5,Daten[Zielgruppe],selectedGroup,Daten[Kenntnis %],"<>")=0,"",SUMIFS(Daten[Kenntnis %],Daten[myth_id],5,Daten[Zielgruppe],selectedGroup)) -> 16.33 | F6: =IF(COUNTIFS(Daten[myth_id],5,Daten[Zielgruppe],selectedGroup,Daten[Bedeutung Pkt.],"<>")=0,"",SUMIFS(Daten[Bedeutung Pkt.],Daten[myth_id],5,Daten[Zielgruppe],selectedGroup)) -> 68.51 | G6: =IF(COUNTIFS(Daten[myth_id],5,Daten[Zielgruppe],selectedGroup,Daten[Richtigkeit Pkt.],"<>")=0,"",SUMIFS(Daten[Richtigkeit Pkt.],Daten[myth_id],5,Daten[Zielgruppe],selectedGroup)) -> 76.43 | H6: =IF(COUNTIFS(Daten[myth_id],5,Daten[Zielgruppe],selectedGroup,Daten[Präventionsbedeutung Pkt.],"<>")=0,"",SUMIFS(Daten[Präventionsbedeutung Pkt.],Daten[myth_id],5,Daten[Zielgruppe],selectedGroup)) -> 26.37 | I6: =IF(COUNTIFS(Daten[myth_id],5,Daten[Zielgruppe],selectedGroup,Daten[Bevölkerungsrelevanz Pkt.],"<>")=0,"",SUMIFS(Daten[Bevölkerungsrelevanz Pkt.],Daten[myth_id],5,Daten[Zielgruppe],selectedGroup)) -> 5.1 | J6: =IF(klassFilter="Alle",1,IF($D6=klassFilter,1,0)) -> 1 | K6: =IF(katFilter="Alle",1,IF($C6=katFilter,1,0)) -> 1 | L6: =IF(LEN(sucheText)=0,1,IFERROR(IF(ISNUMBER(SEARCH(sucheText,$B6)),1,0),0)) -> 1 | M6: =$J6*$K6*$L6 -> 1 | N6: =CHOOSE(sortIdx,$A6,COUNTIF(Live!$B$2:$B$43,"<"&$B6)+1,COUNTIF(Live!$C$2:$C$43,"<"&$C6)+1,IFERROR(VLOOKUP($D6,Listen!$H$2:$I$6,2,FALSE()),99),$E6,$F6,$G6,$H6,$I6) -> 5 | O6: =IF($N6="",100000,sortDir*$N6)+ROW()*0.0001 -> 5.0006 | P6: =IF($M6<>1,0,COUNTIFS(Live!$M$2:$M$43,1,Live!$O$2:$O$43,"<"&$O6)+1) -> 5
A7: 6 | B7: Mischkonsum von Cannabis mit anderen Substanzen ist besonders risikoreich. | C7: Risiken durch Dosierung und Qualität | D7: Richtig | E7: =IF(COUNTIFS(Daten[myth_id],6,Daten[Zielgruppe],selectedGroup,Daten[Kenntnis %],"<>")=0,"",SUMIFS(Daten[Kenntnis %],Daten[myth_id],6,Daten[Zielgruppe],selectedGroup)) -> 43.75 | F7: =IF(COUNTIFS(Daten[myth_id],6,Daten[Zielgruppe],selectedGroup,Daten[Bedeutung Pkt.],"<>")=0,"",SUMIFS(Daten[Bedeutung Pkt.],Daten[myth_id],6,Daten[Zielgruppe],selectedGroup)) -> 77.02 | G7: =IF(COUNTIFS(Daten[myth_id],6,Daten[Zielgruppe],selectedGroup,Daten[Richtigkeit Pkt.],"<>")=0,"",SUMIFS(Daten[Richtigkeit Pkt.],Daten[myth_id],6,Daten[Zielgruppe],selectedGroup)) -> 88.97 | H7: =IF(COUNTIFS(Daten[myth_id],6,Daten[Zielgruppe],selectedGroup,Daten[Präventionsbedeutung Pkt.],"<>")=0,"",SUMIFS(Daten[Präventionsbedeutung Pkt.],Daten[myth_id],6,Daten[Zielgruppe],selectedGroup)) -> 21.93 | I7: =IF(COUNTIFS(Daten[myth_id],6,Daten[Zielgruppe],selectedGroup,Daten[Bevölkerungsrelevanz Pkt.],"<>")=0,"",SUMIFS(Daten[Bevölkerungsrelevanz Pkt.],Daten[myth_id],6,Daten[Zielgruppe],selectedGroup)) -> 11.7 | J7: =IF(klassFilter="Alle",1,IF($D7=klassFilter,1,0)) -> 1 | K7: =IF(katFilter="Alle",1,IF($C7=katFilter,1,0)) -> 1 | L7: =IF(LEN(sucheText)=0,1,IFERROR(IF(ISNUMBER(SEARCH(sucheText,$B7)),1,0),0)) -> 1 | M7: =$J7*$K7*$L7 -> 1 | N7: =CHOOSE(sortIdx,$A7,COUNTIF(Live!$B$2:$B$43,"<"&$B7)+1,COUNTIF(Live!$C$2:$C$43,"<"&$C7)+1,IFERROR(VLOOKUP($D7,Listen!$H$2:$I$6,2,FALSE()),99),$E7,$F7,$G7,$H7,$I7) -> 6 | O7: =IF($N7="",100000,sortDir*$N7)+ROW()*0.0001 -> 6.0007 | P7: =IF($M7<>1,0,COUNTIFS(Live!$M$2:$M$43,1,Live!$O$2:$O$43,"<"&$O7)+1) -> 6
A8: 7 | B8: Zusätze im Cannabis führen zu erhöhten Gesundheitsrisiken. | C8: Risiken durch Dosierung und Qualität | D8: Richtig | E8: =IF(COUNTIFS(Daten[myth_id],7,Daten[Zielgruppe],selectedGroup,Daten[Kenntnis %],"<>")=0,"",SUMIFS(Daten[Kenntnis %],Daten[myth_id],7,Daten[Zielgruppe],selectedGroup)) -> 35.06 | F8: =IF(COUNTIFS(Daten[myth_id],7,Daten[Zielgruppe],selectedGroup,Daten[Bedeutung Pkt.],"<>")=0,"",SUMIFS(Daten[Bedeutung Pkt.],Daten[myth_id],7,Daten[Zielgruppe],selectedGroup)) -> 76.49 | G8: =IF(COUNTIFS(Daten[myth_id],7,Daten[Zielgruppe],selectedGroup,Daten[Richtigkeit Pkt.],"<>")=0,"",SUMIFS(Daten[Richtigkeit Pkt.],Daten[myth_id],7,Daten[Zielgruppe],selectedGroup)) -> 85.7 | H8: =IF(COUNTIFS(Daten[myth_id],7,Daten[Zielgruppe],selectedGroup,Daten[Präventionsbedeutung Pkt.],"<>")=0,"",SUMIFS(Daten[Präventionsbedeutung Pkt.],Daten[myth_id],7,Daten[Zielgruppe],selectedGroup)) -> 24.05 | I8: =IF(COUNTIFS(Daten[myth_id],7,Daten[Zielgruppe],selectedGroup,Daten[Bevölkerungsrelevanz Pkt.],"<>")=0,"",SUMIFS(Daten[Bevölkerungsrelevanz Pkt.],Daten[myth_id],7,Daten[Zielgruppe],selectedGroup)) -> 10.1 | J8: =IF(klassFilter="Alle",1,IF($D8=klassFilter,1,0)) -> 1 | K8: =IF(katFilter="Alle",1,IF($C8=katFilter,1,0)) -> 1 | L8: =IF(LEN(sucheText)=0,1,IFERROR(IF(ISNUMBER(SEARCH(sucheText,$B8)),1,0),0)) -> 1 | M8: =$J8*$K8*$L8 -> 1 | N8: =CHOOSE(sortIdx,$A8,COUNTIF(Live!$B$2:$B$43,"<"&$B8)+1,COUNTIF(Live!$C$2:$C$43,"<"&$C8)+1,IFERROR(VLOOKUP($D8,Listen!$H$2:$I$6,2,FALSE()),99),$E8,$F8,$G8,$H8,$I8) -> 7 | O8: =IF($N8="",100000,sortDir*$N8)+ROW()*0.0001 -> 7.0008 | P8: =IF($M8<>1,0,COUNTIFS(Live!$M$2:$M$43,1,Live!$O$2:$O$43,"<"&$O8)+1) -> 7
A9: 8 | B9: Cannabiskonsum schädigt den Fötus. | C9: Risiken für den Körper und die Entwicklung | D9: Richtig | E9: =IF(COUNTIFS(Daten[myth_id],8,Daten[Zielgruppe],selectedGroup,Daten[Kenntnis %],"<>")=0,"",SUMIFS(Daten[Kenntnis %],Daten[myth_id],8,Daten[Zielgruppe],selectedGroup)) -> 42.35 | F9: =IF(COUNTIFS(Daten[myth_id],8,Daten[Zielgruppe],selectedGroup,Daten[Bedeutung Pkt.],"<>")=0,"",SUMIFS(Daten[Bedeutung Pkt.],Daten[myth_id],8,Daten[Zielgruppe],selectedGroup)) -> 76.49 | G9: =IF(COUNTIFS(Daten[myth_id],8,Daten[Zielgruppe],selectedGroup,Daten[Richtigkeit Pkt.],"<>")=0,"",SUMIFS(Daten[Richtigkeit Pkt.],Daten[myth_id],8,Daten[Zielgruppe],selectedGroup)) -> 89.87 | H9: =IF(COUNTIFS(Daten[myth_id],8,Daten[Zielgruppe],selectedGroup,Daten[Präventionsbedeutung Pkt.],"<>")=0,"",SUMIFS(Daten[Präventionsbedeutung Pkt.],Daten[myth_id],8,Daten[Zielgruppe],selectedGroup)) -> 21.16 | I9: =IF(COUNTIFS(Daten[myth_id],8,Daten[Zielgruppe],selectedGroup,Daten[Bevölkerungsrelevanz Pkt.],"<>")=0,"",SUMIFS(Daten[Bevölkerungsrelevanz Pkt.],Daten[myth_id],8,Daten[Zielgruppe],selectedGroup)) -> 11 | J9: =IF(klassFilter="Alle",1,IF($D9=klassFilter,1,0)) -> 1 | K9: =IF(katFilter="Alle",1,IF($C9=katFilter,1,0)) -> 1 | L9: =IF(LEN(sucheText)=0,1,IFERROR(IF(ISNUMBER(SEARCH(sucheText,$B9)),1,0),0)) -> 1 | M9: =$J9*$K9*$L9 -> 1 | N9: =CHOOSE(sortIdx,$A9,COUNTIF(Live!$B$2:$B$43,"<"&$B9)+1,COUNTIF(Live!$C$2:$C$43,"<"&$C9)+1,IFERROR(VLOOKUP($D9,Listen!$H$2:$I$6,2,FALSE()),99),$E9,$F9,$G9,$H9,$I9) -> 8 | O9: =IF($N9="",100000,sortDir*$N9)+ROW()*0.0001 -> 8.0009 | P9: =IF($M9<>1,0,COUNTIFS(Live!$M$2:$M$43,1,Live!$O$2:$O$43,"<"&$O9)+1) -> 8
A10: 9 | B10: Eine Überdosierung von Cannabis führt nicht zum Tod. | C10: Risiken durch Dosierung und Qualität | D10: Richtig | E10: =IF(COUNTIFS(Daten[myth_id],9,Daten[Zielgruppe],selectedGroup,Daten[Kenntnis %],"<>")=0,"",SUMIFS(Daten[Kenntnis %],Daten[myth_id],9,Daten[Zielgruppe],selectedGroup)) -> 20.71 | F10: =IF(COUNTIFS(Daten[myth_id],9,Daten[Zielgruppe],selectedGroup,Daten[Bedeutung Pkt.],"<>")=0,"",SUMIFS(Daten[Bedeutung Pkt.],Daten[myth_id],9,Daten[Zielgruppe],selectedGroup)) -> 66.53 | G10: =IF(COUNTIFS(Daten[myth_id],9,Daten[Zielgruppe],selectedGroup,Daten[Richtigkeit Pkt.],"<>")=0,"",SUMIFS(Daten[Richtigkeit Pkt.],Daten[myth_id],9,Daten[Zielgruppe],selectedGroup)) -> 74.3 | H10: =IF(COUNTIFS(Daten[myth_id],9,Daten[Zielgruppe],selectedGroup,Daten[Präventionsbedeutung Pkt.],"<>")=0,"",SUMIFS(Daten[Präventionsbedeutung Pkt.],Daten[myth_id],9,Daten[Zielgruppe],selectedGroup)) -> 27.58 | I10: =IF(COUNTIFS(Daten[myth_id],9,Daten[Zielgruppe],selectedGroup,Daten[Bevölkerungsrelevanz Pkt.],"<>")=0,"",SUMIFS(Daten[Bevölkerungsrelevanz Pkt.],Daten[myth_id],9,Daten[Zielgruppe],selectedGroup)) -> 6.6 | J10: =IF(klassFilter="Alle",1,IF($D10=klassFilter,1,0)) -> 1 | K10: =IF(katFilter="Alle",1,IF($C10=katFilter,1,0)) -> 1 | L10: =IF(LEN(sucheText)=0,1,IFERROR(IF(ISNUMBER(SEARCH(sucheText,$B10)),1,0),0)) -> 1 | M10: =$J10*$K10*$L10 -> 1 | N10: =CHOOSE(sortIdx,$A10,COUNTIF(Live!$B$2:$B$43,"<"&$B10)+1,COUNTIF(Live!$C$2:$C$43,"<"&$C10)+1,IFERROR(VLOOKUP($D10,Listen!$H$2:$I$6,2,FALSE()),99),$E10,$F10,$G10,$H10,$I10) -> 9 | O10: =IF($N10="",100000,sortDir*$N10)+ROW()*0.0001 -> 9.001 | P10: =IF($M10<>1,0,COUNTIFS(Live!$M$2:$M$43,1,Live!$O$2:$O$43,"<"&$O10)+1) -> 9
A11: 10 | B11: Cannabis wirkt gegen Schmerzen. | C11: Medizinischer und therapeutischer Nutzen | D11: Eher falsch | E11: =IF(COUNTIFS(Daten[myth_id],10,Daten[Zielgruppe],selectedGroup,Daten[Kenntnis %],"<>")=0,"",SUMIFS(Daten[Kenntnis %],Daten[myth_id],10,Daten[Zielgruppe],selectedGroup)) -> 68.28 | F11: =IF(COUNTIFS(Daten[myth_id],10,Daten[Zielgruppe],selectedGroup,Daten[Bedeutung Pkt.],"<>")=0,"",SUMIFS(Daten[Bedeutung Pkt.],Daten[myth_id],10,Daten[Zielgruppe],selectedGroup)) -> 70.26 | G11: =IF(COUNTIFS(Daten[myth_id],10,Daten[Zielgruppe],selectedGroup,Daten[Richtigkeit Pkt.],"<>")=0,"",SUMIFS(Daten[Richtigkeit Pkt.],Daten[myth_id],10,Daten[Zielgruppe],selectedGroup)) -> 49.74 | H11: =IF(COUNTIFS(Daten[myth_id],10,Daten[Zielgruppe],selectedGroup,Daten[Präventionsbedeutung Pkt.],"<>")=0,"",SUMIFS(Daten[Präventionsbedeutung Pkt.],Daten[myth_id],10,Daten[Zielgruppe],selectedGroup)) -> 46.58 | I11: =IF(COUNTIFS(Daten[myth_id],10,Daten[Zielgruppe],selectedGroup,Daten[Bevölkerungsrelevanz Pkt.],"<>")=0,"",SUMIFS(Daten[Bevölkerungsrelevanz Pkt.],Daten[myth_id],10,Daten[Zielgruppe],selectedGroup)) -> 34.1 | J11: =IF(klassFilter="Alle",1,IF($D11=klassFilter,1,0)) -> 1 | K11: =IF(katFilter="Alle",1,IF($C11=katFilter,1,0)) -> 1 | L11: =IF(LEN(sucheText)=0,1,IFERROR(IF(ISNUMBER(SEARCH(sucheText,$B11)),1,0),0)) -> 1 | M11: =$J11*$K11*$L11 -> 1 | N11: =CHOOSE(sortIdx,$A11,COUNTIF(Live!$B$2:$B$43,"<"&$B11)+1,COUNTIF(Live!$C$2:$C$43,"<"&$C11)+1,IFERROR(VLOOKUP($D11,Listen!$H$2:$I$6,2,FALSE()),99),$E11,$F11,$G11,$H11,$I11) -> 10 | O11: =IF($N11="",100000,sortDir*$N11)+ROW()*0.0001 -> 10.0011 | P11: =IF($M11<>1,0,COUNTIFS(Live!$M$2:$M$43,1,Live!$O$2:$O$43,"<"&$O11)+1) -> 10
A12: 11 | B12: Cannabiskonsum bewirkt Übelkeit und Erbrechen. | C12: Risiken für den Körper und die Entwicklung | D12: Richtig | E12: =IF(COUNTIFS(Daten[myth_id],11,Daten[Zielgruppe],selectedGroup,Daten[Kenntnis %],"<>")=0,"",SUMIFS(Daten[Kenntnis %],Daten[myth_id],11,Daten[Zielgruppe],selectedGroup)) -> 17.95 | F12: =IF(COUNTIFS(Daten[myth_id],11,Daten[Zielgruppe],selectedGroup,Daten[Bedeutung Pkt.],"<>")=0,"",SUMIFS(Daten[Bedeutung Pkt.],Daten[myth_id],11,Daten[Zielgruppe],selectedGroup)) -> 60.15 | G12: =IF(COUNTIFS(Daten[myth_id],11,Daten[Zielgruppe],selectedGroup,Daten[Richtigkeit Pkt.],"<>")=0,"",SUMIFS(Daten[Richtigkeit Pkt.],Daten[myth_id],11,Daten[Zielgruppe],selectedGroup)) -> 71.89 | H12: =IF(COUNTIFS(Daten[myth_id],11,Daten[Zielgruppe],selectedGroup,Daten[Präventionsbedeutung Pkt.],"<>")=0,"",SUMIFS(Daten[Präventionsbedeutung Pkt.],Daten[myth_id],11,Daten[Zielgruppe],selectedGroup)) -> 25.78 | I12: =IF(COUNTIFS(Daten[myth_id],11,Daten[Zielgruppe],selectedGroup,Daten[Bevölkerungsrelevanz Pkt.],"<>")=0,"",SUMIFS(Daten[Bevölkerungsrelevanz Pkt.],Daten[myth_id],11,Daten[Zielgruppe],selectedGroup)) -> 5.5 | J12: =IF(klassFilter="Alle",1,IF($D12=klassFilter,1,0)) -> 1 | K12: =IF(katFilter="Alle",1,IF($C12=katFilter,1,0)) -> 1 | L12: =IF(LEN(sucheText)=0,1,IFERROR(IF(ISNUMBER(SEARCH(sucheText,$B12)),1,0),0)) -> 1 | M12: =$J12*$K12*$L12 -> 1 | N12: =CHOOSE(sortIdx,$A12,COUNTIF(Live!$B$2:$B$43,"<"&$B12)+1,COUNTIF(Live!$C$2:$C$43,"<"&$C12)+1,IFERROR(VLOOKUP($D12,Listen!$H$2:$I$6,2,FALSE()),99),$E12,$F12,$G12,$H12,$I12) -> 11 | O12: =IF($N12="",100000,sortDir*$N12)+ROW()*0.0001 -> 11.0012 | P12: =IF($M12<>1,0,COUNTIFS(Live!$M$2:$M$43,1,Live!$O$2:$O$43,"<"&$O12)+1) -> 11
A13: 12 | B13: Cannabis hemmt Entzündungen. | C13: Medizinischer und therapeutischer Nutzen | D13: Keine Aussage möglich | E13: =IF(COUNTIFS(Daten[myth_id],12,Daten[Zielgruppe],selectedGroup,Daten[Kenntnis %],"<>")=0,"",SUMIFS(Daten[Kenntnis %],Daten[myth_id],12,Daten[Zielgruppe],selectedGroup)) -> 23.28 | F13: =IF(COUNTIFS(Daten[myth_id],12,Daten[Zielgruppe],selectedGroup,Daten[Bedeutung Pkt.],"<>")=0,"",SUMIFS(Daten[Bedeutung Pkt.],Daten[myth_id],12,Daten[Zielgruppe],selectedGroup)) -> 69.36 | G13: =IF(COUNTIFS(Daten[myth_id],12,Daten[Zielgruppe],selectedGroup,Daten[Richtigkeit Pkt.],"<>")=0,"",SUMIFS(Daten[Richtigkeit Pkt.],Daten[myth_id],12,Daten[Zielgruppe],selectedGroup)) | H13: =IF(COUNTIFS(Daten[myth_id],12,Daten[Zielgruppe],selectedGroup,Daten[Präventionsbedeutung Pkt.],"<>")=0,"",SUMIFS(Daten[Präventionsbedeutung Pkt.],Daten[myth_id],12,Daten[Zielgruppe],selectedGroup)) | I13: =IF(COUNTIFS(Daten[myth_id],12,Daten[Zielgruppe],selectedGroup,Daten[Bevölkerungsrelevanz Pkt.],"<>")=0,"",SUMIFS(Daten[Bevölkerungsrelevanz Pkt.],Daten[myth_id],12,Daten[Zielgruppe],selectedGroup)) | J13: =IF(klassFilter="Alle",1,IF($D13=klassFilter,1,0)) -> 1 | K13: =IF(katFilter="Alle",1,IF($C13=katFilter,1,0)) -> 1 | L13: =IF(LEN(sucheText)=0,1,IFERROR(IF(ISNUMBER(SEARCH(sucheText,$B13)),1,0),0)) -> 1 | M13: =$J13*$K13*$L13 -> 1 | N13: =CHOOSE(sortIdx,$A13,COUNTIF(Live!$B$2:$B$43,"<"&$B13)+1,COUNTIF(Live!$C$2:$C$43,"<"&$C13)+1,IFERROR(VLOOKUP($D13,Listen!$H$2:$I$6,2,FALSE()),99),$E13,$F13,$G13,$H13,$I13) -> 12 | O13: =IF($N13="",100000,sortDir*$N13)+ROW()*0.0001 -> 12.0013 | P13: =IF($M13<>1,0,COUNTIFS(Live!$M$2:$M$43,1,Live!$O$2:$O$43,"<"&$O13)+1) -> 12
A14: 13 | B14: Cannabiskonsum löst Spasmen. | C14: Medizinischer und therapeutischer Nutzen | D14: Richtig | E14: =IF(COUNTIFS(Daten[myth_id],13,Daten[Zielgruppe],selectedGroup,Daten[Kenntnis %],"<>")=0,"",SUMIFS(Daten[Kenntnis %],Daten[myth_id],13,Daten[Zielgruppe],selectedGroup)) -> 28.64 | F14: =IF(COUNTIFS(Daten[myth_id],13,Daten[Zielgruppe],selectedGroup,Daten[Bedeutung Pkt.],"<>")=0,"",SUMIFS(Daten[Bedeutung Pkt.],Daten[myth_id],13,Daten[Zielgruppe],selectedGroup)) -> 59.71 | G14: =IF(COUNTIFS(Daten[myth_id],13,Daten[Zielgruppe],selectedGroup,Daten[Richtigkeit Pkt.],"<>")=0,"",SUMIFS(Daten[Richtigkeit Pkt.],Daten[myth_id],13,Daten[Zielgruppe],selectedGroup)) -> 78.32 | H14: =IF(COUNTIFS(Daten[myth_id],13,Daten[Zielgruppe],selectedGroup,Daten[Präventionsbedeutung Pkt.],"<>")=0,"",SUMIFS(Daten[Präventionsbedeutung Pkt.],Daten[myth_id],13,Daten[Zielgruppe],selectedGroup)) -> 22.81 | I14: =IF(COUNTIFS(Daten[myth_id],13,Daten[Zielgruppe],selectedGroup,Daten[Bevölkerungsrelevanz Pkt.],"<>")=0,"",SUMIFS(Daten[Bevölkerungsrelevanz Pkt.],Daten[myth_id],13,Daten[Zielgruppe],selectedGroup)) -> 7.9 | J14: =IF(klassFilter="Alle",1,IF($D14=klassFilter,1,0)) -> 1 | K14: =IF(katFilter="Alle",1,IF($C14=katFilter,1,0)) -> 1 | L14: =IF(LEN(sucheText)=0,1,IFERROR(IF(ISNUMBER(SEARCH(sucheText,$B14)),1,0),0)) -> 1 | M14: =$J14*$K14*$L14 -> 1 | N14: =CHOOSE(sortIdx,$A14,COUNTIF(Live!$B$2:$B$43,"<"&$B14)+1,COUNTIF(Live!$C$2:$C$43,"<"&$C14)+1,IFERROR(VLOOKUP($D14,Listen!$H$2:$I$6,2,FALSE()),99),$E14,$F14,$G14,$H14,$I14) -> 13 | O14: =IF($N14="",100000,sortDir*$N14)+ROW()*0.0001 -> 13.0014 | P14: =IF($M14<>1,0,COUNTIFS(Live!$M$2:$M$43,1,Live!$O$2:$O$43,"<"&$O14)+1) -> 13
A15: 14 | B15: Cannabiskonsum verursacht Herz-Kreislauferkrankungen. | C15: Risiken für den Körper und die Entwicklung | D15: Richtig | E15: =IF(COUNTIFS(Daten[myth_id],14,Daten[Zielgruppe],selectedGroup,Daten[Kenntnis %],"<>")=0,"",SUMIFS(Daten[Kenntnis %],Daten[myth_id],14,Daten[Zielgruppe],selectedGroup)) -> 14.96 | F15: =IF(COUNTIFS(Daten[myth_id],14,Daten[Zielgruppe],selectedGroup,Daten[Bedeutung Pkt.],"<>")=0,"",SUMIFS(Daten[Bedeutung Pkt.],Daten[myth_id],14,Daten[Zielgruppe],selectedGroup)) -> 75.94 | G15: =IF(COUNTIFS(Daten[myth_id],14,Daten[Zielgruppe],selectedGroup,Daten[Richtigkeit Pkt.],"<>")=0,"",SUMIFS(Daten[Richtigkeit Pkt.],Daten[myth_id],14,Daten[Zielgruppe],selectedGroup)) -> 76.21 | H15: =IF(COUNTIFS(Daten[myth_id],14,Daten[Zielgruppe],selectedGroup,Daten[Präventionsbedeutung Pkt.],"<>")=0,"",SUMIFS(Daten[Präventionsbedeutung Pkt.],Daten[myth_id],14,Daten[Zielgruppe],selectedGroup)) -> 29.92 | I15: =IF(COUNTIFS(Daten[myth_id],14,Daten[Zielgruppe],selectedGroup,Daten[Bevölkerungsrelevanz Pkt.],"<>")=0,"",SUMIFS(Daten[Bevölkerungsrelevanz Pkt.],Daten[myth_id],14,Daten[Zielgruppe],selectedGroup)) -> 5.1 | J15: =IF(klassFilter="Alle",1,IF($D15=klassFilter,1,0)) -> 1 | K15: =IF(katFilter="Alle",1,IF($C15=katFilter,1,0)) -> 1 | L15: =IF(LEN(sucheText)=0,1,IFERROR(IF(ISNUMBER(SEARCH(sucheText,$B15)),1,0),0)) -> 1 | M15: =$J15*$K15*$L15 -> 1 | N15: =CHOOSE(sortIdx,$A15,COUNTIF(Live!$B$2:$B$43,"<"&$B15)+1,COUNTIF(Live!$C$2:$C$43,"<"&$C15)+1,IFERROR(VLOOKUP($D15,Listen!$H$2:$I$6,2,FALSE()),99),$E15,$F15,$G15,$H15,$I15) -> 14 | O15: =IF($N15="",100000,sortDir*$N15)+ROW()*0.0001 -> 14.0015 | P15: =IF($M15<>1,0,COUNTIFS(Live!$M$2:$M$43,1,Live!$O$2:$O$43,"<"&$O15)+1) -> 14
A16: 15 | B16: Inhalativer Cannabiskonsum bewirkt Atemwegserkrankungen. | C16: Risiken für den Körper und die Entwicklung | D16: Richtig | E16: =IF(COUNTIFS(Daten[myth_id],15,Daten[Zielgruppe],selectedGroup,Daten[Kenntnis %],"<>")=0,"",SUMIFS(Daten[Kenntnis %],Daten[myth_id],15,Daten[Zielgruppe],selectedGroup)) -> 16.03 | F16: =IF(COUNTIFS(Daten[myth_id],15,Daten[Zielgruppe],selectedGroup,Daten[Bedeutung Pkt.],"<>")=0,"",SUMIFS(Daten[Bedeutung Pkt.],Daten[myth_id],15,Daten[Zielgruppe],selectedGroup)) -> 69.73 | G16: =IF(COUNTIFS(Daten[myth_id],15,Daten[Zielgruppe],selectedGroup,Daten[Richtigkeit Pkt.],"<>")=0,"",SUMIFS(Daten[Richtigkeit Pkt.],Daten[myth_id],15,Daten[Zielgruppe],selectedGroup)) -> 78.8 | H16: =IF(COUNTIFS(Daten[myth_id],15,Daten[Zielgruppe],selectedGroup,Daten[Präventionsbedeutung Pkt.],"<>")=0,"",SUMIFS(Daten[Präventionsbedeutung Pkt.],Daten[myth_id],15,Daten[Zielgruppe],selectedGroup)) -> 25.72 | I16: =IF(COUNTIFS(Daten[myth_id],15,Daten[Zielgruppe],selectedGroup,Daten[Bevölkerungsrelevanz Pkt.],"<>")=0,"",SUMIFS(Daten[Bevölkerungsrelevanz Pkt.],Daten[myth_id],15,Daten[Zielgruppe],selectedGroup)) -> 4.9 | J16: =IF(klassFilter="Alle",1,IF($D16=klassFilter,1,0)) -> 1 | K16: =IF(katFilter="Alle",1,IF($C16=katFilter,1,0)) -> 1 | L16: =IF(LEN(sucheText)=0,1,IFERROR(IF(ISNUMBER(SEARCH(sucheText,$B16)),1,0),0)) -> 1 | M16: =$J16*$K16*$L16 -> 1 | N16: =CHOOSE(sortIdx,$A16,COUNTIF(Live!$B$2:$B$43,"<"&$B16)+1,COUNTIF(Live!$C$2:$C$43,"<"&$C16)+1,IFERROR(VLOOKUP($D16,Listen!$H$2:$I$6,2,FALSE()),99),$E16,$F16,$G16,$H16,$I16) -> 15 | O16: =IF($N16="",100000,sortDir*$N16)+ROW()*0.0001 -> 15.0016 | P16: =IF($M16<>1,0,COUNTIFS(Live!$M$2:$M$43,1,Live!$O$2:$O$43,"<"&$O16)+1) -> 15
A17: 16 | B17: Cannabiskonsum verursacht Krebserkrankungen. | C17: Risiken für den Körper und die Entwicklung | D17: Richtig | E17: =IF(COUNTIFS(Daten[myth_id],16,Daten[Zielgruppe],selectedGroup,Daten[Kenntnis %],"<>")=0,"",SUMIFS(Daten[Kenntnis %],Daten[myth_id],16,Daten[Zielgruppe],selectedGroup)) -> 10.12 | F17: =IF(COUNTIFS(Daten[myth_id],16,Daten[Zielgruppe],selectedGroup,Daten[Bedeutung Pkt.],"<>")=0,"",SUMIFS(Daten[Bedeutung Pkt.],Daten[myth_id],16,Daten[Zielgruppe],selectedGroup)) -> 72.33 | G17: =IF(COUNTIFS(Daten[myth_id],16,Daten[Zielgruppe],selectedGroup,Daten[Richtigkeit Pkt.],"<>")=0,"",SUMIFS(Daten[Richtigkeit Pkt.],Daten[myth_id],16,Daten[Zielgruppe],selectedGroup)) -> 73.59 | H17: =IF(COUNTIFS(Daten[myth_id],16,Daten[Zielgruppe],selectedGroup,Daten[Präventionsbedeutung Pkt.],"<>")=0,"",SUMIFS(Daten[Präventionsbedeutung Pkt.],Daten[myth_id],16,Daten[Zielgruppe],selectedGroup)) -> 29.95 | I17: =IF(COUNTIFS(Daten[myth_id],16,Daten[Zielgruppe],selectedGroup,Daten[Bevölkerungsrelevanz Pkt.],"<>")=0,"",SUMIFS(Daten[Bevölkerungsrelevanz Pkt.],Daten[myth_id],16,Daten[Zielgruppe],selectedGroup)) -> 3.5 | J17: =IF(klassFilter="Alle",1,IF($D17=klassFilter,1,0)) -> 1 | K17: =IF(katFilter="Alle",1,IF($C17=katFilter,1,0)) -> 1 | L17: =IF(LEN(sucheText)=0,1,IFERROR(IF(ISNUMBER(SEARCH(sucheText,$B17)),1,0),0)) -> 1 | M17: =$J17*$K17*$L17 -> 1 | N17: =CHOOSE(sortIdx,$A17,COUNTIF(Live!$B$2:$B$43,"<"&$B17)+1,COUNTIF(Live!$C$2:$C$43,"<"&$C17)+1,IFERROR(VLOOKUP($D17,Listen!$H$2:$I$6,2,FALSE()),99),$E17,$F17,$G17,$H17,$I17) -> 16 | O17: =IF($N17="",100000,sortDir*$N17)+ROW()*0.0001 -> 16.0017 | P17: =IF($M17<>1,0,COUNTIFS(Live!$M$2:$M$43,1,Live!$O$2:$O$43,"<"&$O17)+1) -> 16
A18: 17 | B18: Cannabiskonsum hilft beim Abnehmen. | C18: Medizinischer und therapeutischer Nutzen | D18: Keine Aussage möglich | E18: =IF(COUNTIFS(Daten[myth_id],17,Daten[Zielgruppe],selectedGroup,Daten[Kenntnis %],"<>")=0,"",SUMIFS(Daten[Kenntnis %],Daten[myth_id],17,Daten[Zielgruppe],selectedGroup)) -> 5.55 | F18: =IF(COUNTIFS(Daten[myth_id],17,Daten[Zielgruppe],selectedGroup,Daten[Bedeutung Pkt.],"<>")=0,"",SUMIFS(Daten[Bedeutung Pkt.],Daten[myth_id],17,Daten[Zielgruppe],selectedGroup)) -> 48.94 | G18: =IF(COUNTIFS(Daten[myth_id],17,Daten[Zielgruppe],selectedGroup,Daten[Richtigkeit Pkt.],"<>")=0,"",SUMIFS(Daten[Richtigkeit Pkt.],Daten[myth_id],17,Daten[Zielgruppe],selectedGroup)) | H18: =IF(COUNTIFS(Daten[myth_id],17,Daten[Zielgruppe],selectedGroup,Daten[Präventionsbedeutung Pkt.],"<>")=0,"",SUMIFS(Daten[Präventionsbedeutung Pkt.],Daten[myth_id],17,Daten[Zielgruppe],selectedGroup)) | I18: =IF(COUNTIFS(Daten[myth_id],17,Daten[Zielgruppe],selectedGroup,Daten[Bevölkerungsrelevanz Pkt.],"<>")=0,"",SUMIFS(Daten[Bevölkerungsrelevanz Pkt.],Daten[myth_id],17,Daten[Zielgruppe],selectedGroup)) | J18: =IF(klassFilter="Alle",1,IF($D18=klassFilter,1,0)) -> 1 | K18: =IF(katFilter="Alle",1,IF($C18=katFilter,1,0)) -> 1 | L18: =IF(LEN(sucheText)=0,1,IFERROR(IF(ISNUMBER(SEARCH(sucheText,$B18)),1,0),0)) -> 1 | M18: =$J18*$K18*$L18 -> 1 | N18: =CHOOSE(sortIdx,$A18,COUNTIF(Live!$B$2:$B$43,"<"&$B18)+1,COUNTIF(Live!$C$2:$C$43,"<"&$C18)+1,IFERROR(VLOOKUP($D18,Listen!$H$2:$I$6,2,FALSE()),99),$E18,$F18,$G18,$H18,$I18) -> 17 | O18: =IF($N18="",100000,sortDir*$N18)+ROW()*0.0001 -> 17.0018 | P18: =IF($M18<>1,0,COUNTIFS(Live!$M$2:$M$43,1,Live!$O$2:$O$43,"<"&$O18)+1) -> 17
A19: 18 | B19: Cannabiskonsum hilft bei Schlafproblemen. | C19: Medizinischer und therapeutischer Nutzen | D19: Eher falsch | E19: =IF(COUNTIFS(Daten[myth_id],18,Daten[Zielgruppe],selectedGroup,Daten[Kenntnis %],"<>")=0,"",SUMIFS(Daten[Kenntnis %],Daten[myth_id],18,Daten[Zielgruppe],selectedGroup)) -> 38.63 | F19: =IF(COUNTIFS(Daten[myth_id],18,Daten[Zielgruppe],selectedGroup,Daten[Bedeutung Pkt.],"<>")=0,"",SUMIFS(Daten[Bedeutung Pkt.],Daten[myth_id],18,Daten[Zielgruppe],selectedGroup)) -> 61.87 | G19: =IF(COUNTIFS(Daten[myth_id],18,Daten[Zielgruppe],selectedGroup,Daten[Richtigkeit Pkt.],"<>")=0,"",SUMIFS(Daten[Richtigkeit Pkt.],Daten[myth_id],18,Daten[Zielgruppe],selectedGroup)) -> 56.37 | H19: =IF(COUNTIFS(Daten[myth_id],18,Daten[Zielgruppe],selectedGroup,Daten[Präventionsbedeutung Pkt.],"<>")=0,"",SUMIFS(Daten[Präventionsbedeutung Pkt.],Daten[myth_id],18,Daten[Zielgruppe],selectedGroup)) -> 39.33 | I19: =IF(COUNTIFS(Daten[myth_id],18,Daten[Zielgruppe],selectedGroup,Daten[Bevölkerungsrelevanz Pkt.],"<>")=0,"",SUMIFS(Daten[Bevölkerungsrelevanz Pkt.],Daten[myth_id],18,Daten[Zielgruppe],selectedGroup)) -> 16.7 | J19: =IF(klassFilter="Alle",1,IF($D19=klassFilter,1,0)) -> 1 | K19: =IF(katFilter="Alle",1,IF($C19=katFilter,1,0)) -> 1 | L19: =IF(LEN(sucheText)=0,1,IFERROR(IF(ISNUMBER(SEARCH(sucheText,$B19)),1,0),0)) -> 1 | M19: =$J19*$K19*$L19 -> 1 | N19: =CHOOSE(sortIdx,$A19,COUNTIF(Live!$B$2:$B$43,"<"&$B19)+1,COUNTIF(Live!$C$2:$C$43,"<"&$C19)+1,IFERROR(VLOOKUP($D19,Listen!$H$2:$I$6,2,FALSE()),99),$E19,$F19,$G19,$H19,$I19) -> 18 | O19: =IF($N19="",100000,sortDir*$N19)+ROW()*0.0001 -> 18.0019 | P19: =IF($M19<>1,0,COUNTIFS(Live!$M$2:$M$43,1,Live!$O$2:$O$43,"<"&$O19)+1) -> 18
A20: 19 | B20: Cannabiskonsum verändert die Wahrnehmungen. | C20: Einfluss auf Stimmung und Wahrnehmung | D20: Richtig | E20: =IF(COUNTIFS(Daten[myth_id],19,Daten[Zielgruppe],selectedGroup,Daten[Kenntnis %],"<>")=0,"",SUMIFS(Daten[Kenntnis %],Daten[myth_id],19,Daten[Zielgruppe],selectedGroup)) -> 60.56 | F20: =IF(COUNTIFS(Daten[myth_id],19,Daten[Zielgruppe],selectedGroup,Daten[Bedeutung Pkt.],"<>")=0,"",SUMIFS(Daten[Bedeutung Pkt.],Daten[myth_id],19,Daten[Zielgruppe],selectedGroup)) -> 71.83 | G20: =IF(COUNTIFS(Daten[myth_id],19,Daten[Zielgruppe],selectedGroup,Daten[Richtigkeit Pkt.],"<>")=0,"",SUMIFS(Daten[Richtigkeit Pkt.],Daten[myth_id],19,Daten[Zielgruppe],selectedGroup)) -> 87.56 | H20: =IF(COUNTIFS(Daten[myth_id],19,Daten[Zielgruppe],selectedGroup,Daten[Präventionsbedeutung Pkt.],"<>")=0,"",SUMIFS(Daten[Präventionsbedeutung Pkt.],Daten[myth_id],19,Daten[Zielgruppe],selectedGroup)) -> 21.45 | I20: =IF(COUNTIFS(Daten[myth_id],19,Daten[Zielgruppe],selectedGroup,Daten[Bevölkerungsrelevanz Pkt.],"<>")=0,"",SUMIFS(Daten[Bevölkerungsrelevanz Pkt.],Daten[myth_id],19,Daten[Zielgruppe],selectedGroup)) -> 16 | J20: =IF(klassFilter="Alle",1,IF($D20=klassFilter,1,0)) -> 1 | K20: =IF(katFilter="Alle",1,IF($C20=katFilter,1,0)) -> 1 | L20: =IF(LEN(sucheText)=0,1,IFERROR(IF(ISNUMBER(SEARCH(sucheText,$B20)),1,0),0)) -> 1 | M20: =$J20*$K20*$L20 -> 1 | N20: =CHOOSE(sortIdx,$A20,COUNTIF(Live!$B$2:$B$43,"<"&$B20)+1,COUNTIF(Live!$C$2:$C$43,"<"&$C20)+1,IFERROR(VLOOKUP($D20,Listen!$H$2:$I$6,2,FALSE()),99),$E20,$F20,$G20,$H20,$I20) -> 19 | O20: =IF($N20="",100000,sortDir*$N20)+ROW()*0.0001 -> 19.002 | P20: =IF($M20<>1,0,COUNTIFS(Live!$M$2:$M$43,1,Live!$O$2:$O$43,"<"&$O20)+1) -> 19
A21: 20 | B21: Cannabiskonsum beeinträchtigt kognitive Fähigkeiten. | C21: Risiken für die psychische Gesundheit | D21: Richtig | E21: =IF(COUNTIFS(Daten[myth_id],20,Daten[Zielgruppe],selectedGroup,Daten[Kenntnis %],"<>")=0,"",SUMIFS(Daten[Kenntnis %],Daten[myth_id],20,Daten[Zielgruppe],selectedGroup)) -> 44.28 | F21: =IF(COUNTIFS(Daten[myth_id],20,Daten[Zielgruppe],selectedGroup,Daten[Bedeutung Pkt.],"<>")=0,"",SUMIFS(Daten[Bedeutung Pkt.],Daten[myth_id],20,Daten[Zielgruppe],selectedGroup)) -> 71.41 | G21: =IF(COUNTIFS(Daten[myth_id],20,Daten[Zielgruppe],selectedGroup,Daten[Richtigkeit Pkt.],"<>")=0,"",SUMIFS(Daten[Richtigkeit Pkt.],Daten[myth_id],20,Daten[Zielgruppe],selectedGroup)) -> 83.34 | H21: =IF(COUNTIFS(Daten[myth_id],20,Daten[Zielgruppe],selectedGroup,Daten[Präventionsbedeutung Pkt.],"<>")=0,"",SUMIFS(Daten[Präventionsbedeutung Pkt.],Daten[myth_id],20,Daten[Zielgruppe],selectedGroup)) -> 23.88 | I21: =IF(COUNTIFS(Daten[myth_id],20,Daten[Zielgruppe],selectedGroup,Daten[Bevölkerungsrelevanz Pkt.],"<>")=0,"",SUMIFS(Daten[Bevölkerungsrelevanz Pkt.],Daten[myth_id],20,Daten[Zielgruppe],selectedGroup)) -> 12.7 | J21: =IF(klassFilter="Alle",1,IF($D21=klassFilter,1,0)) -> 1 | K21: =IF(katFilter="Alle",1,IF($C21=katFilter,1,0)) -> 1 | L21: =IF(LEN(sucheText)=0,1,IFERROR(IF(ISNUMBER(SEARCH(sucheText,$B21)),1,0),0)) -> 1 | M21: =$J21*$K21*$L21 -> 1 | N21: =CHOOSE(sortIdx,$A21,COUNTIF(Live!$B$2:$B$43,"<"&$B21)+1,COUNTIF(Live!$C$2:$C$43,"<"&$C21)+1,IFERROR(VLOOKUP($D21,Listen!$H$2:$I$6,2,FALSE()),99),$E21,$F21,$G21,$H21,$I21) -> 20 | O21: =IF($N21="",100000,sortDir*$N21)+ROW()*0.0001 -> 20.0021 | P21: =IF($M21<>1,0,COUNTIFS(Live!$M$2:$M$43,1,Live!$O$2:$O$43,"<"&$O21)+1) -> 20
A22: 21 | B22: Cannabiskonsum gefährdet die Verkehrssicherheit. | C22: Soziale Auswirkungen und Leistungsfähigkeit | D22: Richtig | E22: =IF(COUNTIFS(Daten[myth_id],21,Daten[Zielgruppe],selectedGroup,Daten[Kenntnis %],"<>")=0,"",SUMIFS(Daten[Kenntnis %],Daten[myth_id],21,Daten[Zielgruppe],selectedGroup)) -> 64.45 | F22: =IF(COUNTIFS(Daten[myth_id],21,Daten[Zielgruppe],selectedGroup,Daten[Bedeutung Pkt.],"<>")=0,"",SUMIFS(Daten[Bedeutung Pkt.],Daten[myth_id],21,Daten[Zielgruppe],selectedGroup)) -> 82.84 | G22: =IF(COUNTIFS(Daten[myth_id],21,Daten[Zielgruppe],selectedGroup,Daten[Richtigkeit Pkt.],"<>")=0,"",SUMIFS(Daten[Richtigkeit Pkt.],Daten[myth_id],21,Daten[Zielgruppe],selectedGroup)) -> 91.71 | H22: =IF(COUNTIFS(Daten[myth_id],21,Daten[Zielgruppe],selectedGroup,Daten[Präventionsbedeutung Pkt.],"<>")=0,"",SUMIFS(Daten[Präventionsbedeutung Pkt.],Daten[myth_id],21,Daten[Zielgruppe],selectedGroup)) -> 21.4 | I22: =IF(COUNTIFS(Daten[myth_id],21,Daten[Zielgruppe],selectedGroup,Daten[Bevölkerungsrelevanz Pkt.],"<>")=0,"",SUMIFS(Daten[Bevölkerungsrelevanz Pkt.],Daten[myth_id],21,Daten[Zielgruppe],selectedGroup)) -> 17 | J22: =IF(klassFilter="Alle",1,IF($D22=klassFilter,1,0)) -> 1 | K22: =IF(katFilter="Alle",1,IF($C22=katFilter,1,0)) -> 1 | L22: =IF(LEN(sucheText)=0,1,IFERROR(IF(ISNUMBER(SEARCH(sucheText,$B22)),1,0),0)) -> 1 | M22: =$J22*$K22*$L22 -> 1 | N22: =CHOOSE(sortIdx,$A22,COUNTIF(Live!$B$2:$B$43,"<"&$B22)+1,COUNTIF(Live!$C$2:$C$43,"<"&$C22)+1,IFERROR(VLOOKUP($D22,Listen!$H$2:$I$6,2,FALSE()),99),$E22,$F22,$G22,$H22,$I22) -> 21 | O22: =IF($N22="",100000,sortDir*$N22)+ROW()*0.0001 -> 21.0022 | P22: =IF($M22<>1,0,COUNTIFS(Live!$M$2:$M$43,1,Live!$O$2:$O$43,"<"&$O22)+1) -> 21
A23: 22 | B23: Cannabis ist eine Einstiegsdroge. | C23: Risiken für die psychische Gesundheit | D23: Eher falsch | E23: =IF(COUNTIFS(Daten[myth_id],22,Daten[Zielgruppe],selectedGroup,Daten[Kenntnis %],"<>")=0,"",SUMIFS(Daten[Kenntnis %],Daten[myth_id],22,Daten[Zielgruppe],selectedGroup)) -> 58.07 | F23: =IF(COUNTIFS(Daten[myth_id],22,Daten[Zielgruppe],selectedGroup,Daten[Bedeutung Pkt.],"<>")=0,"",SUMIFS(Daten[Bedeutung Pkt.],Daten[myth_id],22,Daten[Zielgruppe],selectedGroup)) -> 66.83 | G23: =IF(COUNTIFS(Daten[myth_id],22,Daten[Zielgruppe],selectedGroup,Daten[Richtigkeit Pkt.],"<>")=0,"",SUMIFS(Daten[Richtigkeit Pkt.],Daten[myth_id],22,Daten[Zielgruppe],selectedGroup)) -> 51.65 | H23: =IF(COUNTIFS(Daten[myth_id],22,Daten[Zielgruppe],selectedGroup,Daten[Präventionsbedeutung Pkt.],"<>")=0,"",SUMIFS(Daten[Präventionsbedeutung Pkt.],Daten[myth_id],22,Daten[Zielgruppe],selectedGroup)) -> 44.41 | I23: =IF(COUNTIFS(Daten[myth_id],22,Daten[Zielgruppe],selectedGroup,Daten[Bevölkerungsrelevanz Pkt.],"<>")=0,"",SUMIFS(Daten[Bevölkerungsrelevanz Pkt.],Daten[myth_id],22,Daten[Zielgruppe],selectedGroup)) -> 27.8 | J23: =IF(klassFilter="Alle",1,IF($D23=klassFilter,1,0)) -> 1 | K23: =IF(katFilter="Alle",1,IF($C23=katFilter,1,0)) -> 1 | L23: =IF(LEN(sucheText)=0,1,IFERROR(IF(ISNUMBER(SEARCH(sucheText,$B23)),1,0),0)) -> 1 | M23: =$J23*$K23*$L23 -> 1 | N23: =CHOOSE(sortIdx,$A23,COUNTIF(Live!$B$2:$B$43,"<"&$B23)+1,COUNTIF(Live!$C$2:$C$43,"<"&$C23)+1,IFERROR(VLOOKUP($D23,Listen!$H$2:$I$6,2,FALSE()),99),$E23,$F23,$G23,$H23,$I23) -> 22 | O23: =IF($N23="",100000,sortDir*$N23)+ROW()*0.0001 -> 22.0023 | P23: =IF($M23<>1,0,COUNTIFS(Live!$M$2:$M$43,1,Live!$O$2:$O$43,"<"&$O23)+1) -> 22
A24: 23 | B24: Cannabis verursacht keine Abhängigkeit. | C24: Risiken für die psychische Gesundheit | D24: Falsch | E24: =IF(COUNTIFS(Daten[myth_id],23,Daten[Zielgruppe],selectedGroup,Daten[Kenntnis %],"<>")=0,"",SUMIFS(Daten[Kenntnis %],Daten[myth_id],23,Daten[Zielgruppe],selectedGroup)) -> 16.43 | F24: =IF(COUNTIFS(Daten[myth_id],23,Daten[Zielgruppe],selectedGroup,Daten[Bedeutung Pkt.],"<>")=0,"",SUMIFS(Daten[Bedeutung Pkt.],Daten[myth_id],23,Daten[Zielgruppe],selectedGroup)) -> 58.35 | G24: =IF(COUNTIFS(Daten[myth_id],23,Daten[Zielgruppe],selectedGroup,Daten[Richtigkeit Pkt.],"<>")=0,"",SUMIFS(Daten[Richtigkeit Pkt.],Daten[myth_id],23,Daten[Zielgruppe],selectedGroup)) -> 63.75 | H24: =IF(COUNTIFS(Daten[myth_id],23,Daten[Zielgruppe],selectedGroup,Daten[Präventionsbedeutung Pkt.],"<>")=0,"",SUMIFS(Daten[Präventionsbedeutung Pkt.],Daten[myth_id],23,Daten[Zielgruppe],selectedGroup)) -> 33.68 | I24: =IF(COUNTIFS(Daten[myth_id],23,Daten[Zielgruppe],selectedGroup,Daten[Bevölkerungsrelevanz Pkt.],"<>")=0,"",SUMIFS(Daten[Bevölkerungsrelevanz Pkt.],Daten[myth_id],23,Daten[Zielgruppe],selectedGroup)) -> 6.2 | J24: =IF(klassFilter="Alle",1,IF($D24=klassFilter,1,0)) -> 1 | K24: =IF(katFilter="Alle",1,IF($C24=katFilter,1,0)) -> 1 | L24: =IF(LEN(sucheText)=0,1,IFERROR(IF(ISNUMBER(SEARCH(sucheText,$B24)),1,0),0)) -> 1 | M24: =$J24*$K24*$L24 -> 1 | N24: =CHOOSE(sortIdx,$A24,COUNTIF(Live!$B$2:$B$43,"<"&$B24)+1,COUNTIF(Live!$C$2:$C$43,"<"&$C24)+1,IFERROR(VLOOKUP($D24,Listen!$H$2:$I$6,2,FALSE()),99),$E24,$F24,$G24,$H24,$I24) -> 23 | O24: =IF($N24="",100000,sortDir*$N24)+ROW()*0.0001 -> 23.0024 | P24: =IF($M24<>1,0,COUNTIFS(Live!$M$2:$M$43,1,Live!$O$2:$O$43,"<"&$O24)+1) -> 23
A25: 24 | B25: Cannabiskonsum verursacht Psychosen. | C25: Risiken für die psychische Gesundheit | D25: Richtig | E25: =IF(COUNTIFS(Daten[myth_id],24,Daten[Zielgruppe],selectedGroup,Daten[Kenntnis %],"<>")=0,"",SUMIFS(Daten[Kenntnis %],Daten[myth_id],24,Daten[Zielgruppe],selectedGroup)) -> 39.06 | F25: =IF(COUNTIFS(Daten[myth_id],24,Daten[Zielgruppe],selectedGroup,Daten[Bedeutung Pkt.],"<>")=0,"",SUMIFS(Daten[Bedeutung Pkt.],Daten[myth_id],24,Daten[Zielgruppe],selectedGroup)) -> 69.6 | G25: =IF(COUNTIFS(Daten[myth_id],24,Daten[Zielgruppe],selectedGroup,Daten[Richtigkeit Pkt.],"<>")=0,"",SUMIFS(Daten[Richtigkeit Pkt.],Daten[myth_id],24,Daten[Zielgruppe],selectedGroup)) -> 74.25 | H25: =IF(COUNTIFS(Daten[myth_id],24,Daten[Zielgruppe],selectedGroup,Daten[Präventionsbedeutung Pkt.],"<>")=0,"",SUMIFS(Daten[Präventionsbedeutung Pkt.],Daten[myth_id],24,Daten[Zielgruppe],selectedGroup)) -> 28.48 | I25: =IF(COUNTIFS(Daten[myth_id],24,Daten[Zielgruppe],selectedGroup,Daten[Bevölkerungsrelevanz Pkt.],"<>")=0,"",SUMIFS(Daten[Bevölkerungsrelevanz Pkt.],Daten[myth_id],24,Daten[Zielgruppe],selectedGroup)) -> 12.9 | J25: =IF(klassFilter="Alle",1,IF($D25=klassFilter,1,0)) -> 1 | K25: =IF(katFilter="Alle",1,IF($C25=katFilter,1,0)) -> 1 | L25: =IF(LEN(sucheText)=0,1,IFERROR(IF(ISNUMBER(SEARCH(sucheText,$B25)),1,0),0)) -> 1 | M25: =$J25*$K25*$L25 -> 1 | N25: =CHOOSE(sortIdx,$A25,COUNTIF(Live!$B$2:$B$43,"<"&$B25)+1,COUNTIF(Live!$C$2:$C$43,"<"&$C25)+1,IFERROR(VLOOKUP($D25,Listen!$H$2:$I$6,2,FALSE()),99),$E25,$F25,$G25,$H25,$I25) -> 24 | O25: =IF($N25="",100000,sortDir*$N25)+ROW()*0.0001 -> 24.0025 | P25: =IF($M25<>1,0,COUNTIFS(Live!$M$2:$M$43,1,Live!$O$2:$O$43,"<"&$O25)+1) -> 24
A26: 25 | B26: Cannabiskonsum wirkt gegen Angst. | C26: Medizinischer und therapeutischer Nutzen | D26: Eher falsch | E26: =IF(COUNTIFS(Daten[myth_id],25,Daten[Zielgruppe],selectedGroup,Daten[Kenntnis %],"<>")=0,"",SUMIFS(Daten[Kenntnis %],Daten[myth_id],25,Daten[Zielgruppe],selectedGroup)) -> 32.18 | F26: =IF(COUNTIFS(Daten[myth_id],25,Daten[Zielgruppe],selectedGroup,Daten[Bedeutung Pkt.],"<>")=0,"",SUMIFS(Daten[Bedeutung Pkt.],Daten[myth_id],25,Daten[Zielgruppe],selectedGroup)) -> 60.49 | G26: =IF(COUNTIFS(Daten[myth_id],25,Daten[Zielgruppe],selectedGroup,Daten[Richtigkeit Pkt.],"<>")=0,"",SUMIFS(Daten[Richtigkeit Pkt.],Daten[myth_id],25,Daten[Zielgruppe],selectedGroup)) -> 60.6 | H26: =IF(COUNTIFS(Daten[myth_id],25,Daten[Zielgruppe],selectedGroup,Daten[Präventionsbedeutung Pkt.],"<>")=0,"",SUMIFS(Daten[Präventionsbedeutung Pkt.],Daten[myth_id],25,Daten[Zielgruppe],selectedGroup)) -> 35.85 | I26: =IF(COUNTIFS(Daten[myth_id],25,Daten[Zielgruppe],selectedGroup,Daten[Bevölkerungsrelevanz Pkt.],"<>")=0,"",SUMIFS(Daten[Bevölkerungsrelevanz Pkt.],Daten[myth_id],25,Daten[Zielgruppe],selectedGroup)) -> 12.8 | J26: =IF(klassFilter="Alle",1,IF($D26=klassFilter,1,0)) -> 1 | K26: =IF(katFilter="Alle",1,IF($C26=katFilter,1,0)) -> 1 | L26: =IF(LEN(sucheText)=0,1,IFERROR(IF(ISNUMBER(SEARCH(sucheText,$B26)),1,0),0)) -> 1 | M26: =$J26*$K26*$L26 -> 1 | N26: =CHOOSE(sortIdx,$A26,COUNTIF(Live!$B$2:$B$43,"<"&$B26)+1,COUNTIF(Live!$C$2:$C$43,"<"&$C26)+1,IFERROR(VLOOKUP($D26,Listen!$H$2:$I$6,2,FALSE()),99),$E26,$F26,$G26,$H26,$I26) -> 25 | O26: =IF($N26="",100000,sortDir*$N26)+ROW()*0.0001 -> 25.0026 | P26: =IF($M26<>1,0,COUNTIFS(Live!$M$2:$M$43,1,Live!$O$2:$O$43,"<"&$O26)+1) -> 25
A27: 26 | B27: Cannabiskonsum wirkt gegen Depressionen. | C27: Medizinischer und therapeutischer Nutzen | D27: Falsch | E27: =IF(COUNTIFS(Daten[myth_id],26,Daten[Zielgruppe],selectedGroup,Daten[Kenntnis %],"<>")=0,"",SUMIFS(Daten[Kenntnis %],Daten[myth_id],26,Daten[Zielgruppe],selectedGroup)) -> 31.26 | F27: =IF(COUNTIFS(Daten[myth_id],26,Daten[Zielgruppe],selectedGroup,Daten[Bedeutung Pkt.],"<>")=0,"",SUMIFS(Daten[Bedeutung Pkt.],Daten[myth_id],26,Daten[Zielgruppe],selectedGroup)) -> 62.58 | G27: =IF(COUNTIFS(Daten[myth_id],26,Daten[Zielgruppe],selectedGroup,Daten[Richtigkeit Pkt.],"<>")=0,"",SUMIFS(Daten[Richtigkeit Pkt.],Daten[myth_id],26,Daten[Zielgruppe],selectedGroup)) -> 30.18 | H27: =IF(COUNTIFS(Daten[myth_id],26,Daten[Zielgruppe],selectedGroup,Daten[Präventionsbedeutung Pkt.],"<>")=0,"",SUMIFS(Daten[Präventionsbedeutung Pkt.],Daten[myth_id],26,Daten[Zielgruppe],selectedGroup)) -> 54.67 | I27: =IF(COUNTIFS(Daten[myth_id],26,Daten[Zielgruppe],selectedGroup,Daten[Bevölkerungsrelevanz Pkt.],"<>")=0,"",SUMIFS(Daten[Bevölkerungsrelevanz Pkt.],Daten[myth_id],26,Daten[Zielgruppe],selectedGroup)) -> 18 | J27: =IF(klassFilter="Alle",1,IF($D27=klassFilter,1,0)) -> 1 | K27: =IF(katFilter="Alle",1,IF($C27=katFilter,1,0)) -> 1 | L27: =IF(LEN(sucheText)=0,1,IFERROR(IF(ISNUMBER(SEARCH(sucheText,$B27)),1,0),0)) -> 1 | M27: =$J27*$K27*$L27 -> 1 | N27: =CHOOSE(sortIdx,$A27,COUNTIF(Live!$B$2:$B$43,"<"&$B27)+1,COUNTIF(Live!$C$2:$C$43,"<"&$C27)+1,IFERROR(VLOOKUP($D27,Listen!$H$2:$I$6,2,FALSE()),99),$E27,$F27,$G27,$H27,$I27) -> 26 | O27: =IF($N27="",100000,sortDir*$N27)+ROW()*0.0001 -> 26.0027 | P27: =IF($M27<>1,0,COUNTIFS(Live!$M$2:$M$43,1,Live!$O$2:$O$43,"<"&$O27)+1) -> 26
A28: 27 | B28: Cannabiskonsum wirkt gegen ADHS. | C28: Medizinischer und therapeutischer Nutzen | D28: Eher falsch | E28: =IF(COUNTIFS(Daten[myth_id],27,Daten[Zielgruppe],selectedGroup,Daten[Kenntnis %],"<>")=0,"",SUMIFS(Daten[Kenntnis %],Daten[myth_id],27,Daten[Zielgruppe],selectedGroup)) -> 30.37 | F28: =IF(COUNTIFS(Daten[myth_id],27,Daten[Zielgruppe],selectedGroup,Daten[Bedeutung Pkt.],"<>")=0,"",SUMIFS(Daten[Bedeutung Pkt.],Daten[myth_id],27,Daten[Zielgruppe],selectedGroup)) -> 60.45 | G28: =IF(COUNTIFS(Daten[myth_id],27,Daten[Zielgruppe],selectedGroup,Daten[Richtigkeit Pkt.],"<>")=0,"",SUMIFS(Daten[Richtigkeit Pkt.],Daten[myth_id],27,Daten[Zielgruppe],selectedGroup)) -> 55.93 | H28: =IF(COUNTIFS(Daten[myth_id],27,Daten[Zielgruppe],selectedGroup,Daten[Präventionsbedeutung Pkt.],"<>")=0,"",SUMIFS(Daten[Präventionsbedeutung Pkt.],Daten[myth_id],27,Daten[Zielgruppe],selectedGroup)) -> 38.24 | I28: =IF(COUNTIFS(Daten[myth_id],27,Daten[Zielgruppe],selectedGroup,Daten[Bevölkerungsrelevanz Pkt.],"<>")=0,"",SUMIFS(Daten[Bevölkerungsrelevanz Pkt.],Daten[myth_id],27,Daten[Zielgruppe],selectedGroup)) -> 12.8 | J28: =IF(klassFilter="Alle",1,IF($D28=klassFilter,1,0)) -> 1 | K28: =IF(katFilter="Alle",1,IF($C28=katFilter,1,0)) -> 1 | L28: =IF(LEN(sucheText)=0,1,IFERROR(IF(ISNUMBER(SEARCH(sucheText,$B28)),1,0),0)) -> 1 | M28: =$J28*$K28*$L28 -> 1 | N28: =CHOOSE(sortIdx,$A28,COUNTIF(Live!$B$2:$B$43,"<"&$B28)+1,COUNTIF(Live!$C$2:$C$43,"<"&$C28)+1,IFERROR(VLOOKUP($D28,Listen!$H$2:$I$6,2,FALSE()),99),$E28,$F28,$G28,$H28,$I28) -> 27 | O28: =IF($N28="",100000,sortDir*$N28)+ROW()*0.0001 -> 27.0028 | P28: =IF($M28<>1,0,COUNTIFS(Live!$M$2:$M$43,1,Live!$O$2:$O$43,"<"&$O28)+1) -> 27
A29: 28 | B29: Cannabiskonsum verursacht einen generellen Motivationsverlust. | C29: Risiken für die psychische Gesundheit | D29: Falsch | E29: =IF(COUNTIFS(Daten[myth_id],28,Daten[Zielgruppe],selectedGroup,Daten[Kenntnis %],"<>")=0,"",SUMIFS(Daten[Kenntnis %],Daten[myth_id],28,Daten[Zielgruppe],selectedGroup)) -> 26.29 | F29: =IF(COUNTIFS(Daten[myth_id],28,Daten[Zielgruppe],selectedGroup,Daten[Bedeutung Pkt.],"<>")=0,"",SUMIFS(Daten[Bedeutung Pkt.],Daten[myth_id],28,Daten[Zielgruppe],selectedGroup)) -> 66.83 | G29: =IF(COUNTIFS(Daten[myth_id],28,Daten[Zielgruppe],selectedGroup,Daten[Richtigkeit Pkt.],"<>")=0,"",SUMIFS(Daten[Richtigkeit Pkt.],Daten[myth_id],28,Daten[Zielgruppe],selectedGroup)) -> 25.05 | H29: =IF(COUNTIFS(Daten[myth_id],28,Daten[Zielgruppe],selectedGroup,Daten[Präventionsbedeutung Pkt.],"<>")=0,"",SUMIFS(Daten[Präventionsbedeutung Pkt.],Daten[myth_id],28,Daten[Zielgruppe],selectedGroup)) -> 60.32 | I29: =IF(COUNTIFS(Daten[myth_id],28,Daten[Zielgruppe],selectedGroup,Daten[Bevölkerungsrelevanz Pkt.],"<>")=0,"",SUMIFS(Daten[Bevölkerungsrelevanz Pkt.],Daten[myth_id],28,Daten[Zielgruppe],selectedGroup)) -> 16.5 | J29: =IF(klassFilter="Alle",1,IF($D29=klassFilter,1,0)) -> 1 | K29: =IF(katFilter="Alle",1,IF($C29=katFilter,1,0)) -> 1 | L29: =IF(LEN(sucheText)=0,1,IFERROR(IF(ISNUMBER(SEARCH(sucheText,$B29)),1,0),0)) -> 1 | M29: =$J29*$K29*$L29 -> 1 | N29: =CHOOSE(sortIdx,$A29,COUNTIF(Live!$B$2:$B$43,"<"&$B29)+1,COUNTIF(Live!$C$2:$C$43,"<"&$C29)+1,IFERROR(VLOOKUP($D29,Listen!$H$2:$I$6,2,FALSE()),99),$E29,$F29,$G29,$H29,$I29) -> 28 | O29: =IF($N29="",100000,sortDir*$N29)+ROW()*0.0001 -> 28.0029 | P29: =IF($M29<>1,0,COUNTIFS(Live!$M$2:$M$43,1,Live!$O$2:$O$43,"<"&$O29)+1) -> 28
A30: 29 | B30: Cannabiskonsum verbessert die Gemütslage. | C30: Einfluss auf Stimmung und Wahrnehmung | D30: Eher richtig | E30: =IF(COUNTIFS(Daten[myth_id],29,Daten[Zielgruppe],selectedGroup,Daten[Kenntnis %],"<>")=0,"",SUMIFS(Daten[Kenntnis %],Daten[myth_id],29,Daten[Zielgruppe],selectedGroup)) -> 32.89 | F30: =IF(COUNTIFS(Daten[myth_id],29,Daten[Zielgruppe],selectedGroup,Daten[Bedeutung Pkt.],"<>")=0,"",SUMIFS(Daten[Bedeutung Pkt.],Daten[myth_id],29,Daten[Zielgruppe],selectedGroup)) -> 59.2 | G30: =IF(COUNTIFS(Daten[myth_id],29,Daten[Zielgruppe],selectedGroup,Daten[Richtigkeit Pkt.],"<>")=0,"",SUMIFS(Daten[Richtigkeit Pkt.],Daten[myth_id],29,Daten[Zielgruppe],selectedGroup)) -> 84.4 | H30: =IF(COUNTIFS(Daten[myth_id],29,Daten[Zielgruppe],selectedGroup,Daten[Präventionsbedeutung Pkt.],"<>")=0,"",SUMIFS(Daten[Präventionsbedeutung Pkt.],Daten[myth_id],29,Daten[Zielgruppe],selectedGroup)) -> 21.23 | I30: =IF(COUNTIFS(Daten[myth_id],29,Daten[Zielgruppe],selectedGroup,Daten[Bevölkerungsrelevanz Pkt.],"<>")=0,"",SUMIFS(Daten[Bevölkerungsrelevanz Pkt.],Daten[myth_id],29,Daten[Zielgruppe],selectedGroup)) -> 8.6 | J30: =IF(klassFilter="Alle",1,IF($D30=klassFilter,1,0)) -> 1 | K30: =IF(katFilter="Alle",1,IF($C30=katFilter,1,0)) -> 1 | L30: =IF(LEN(sucheText)=0,1,IFERROR(IF(ISNUMBER(SEARCH(sucheText,$B30)),1,0),0)) -> 1 | M30: =$J30*$K30*$L30 -> 1 | N30: =CHOOSE(sortIdx,$A30,COUNTIF(Live!$B$2:$B$43,"<"&$B30)+1,COUNTIF(Live!$C$2:$C$43,"<"&$C30)+1,IFERROR(VLOOKUP($D30,Listen!$H$2:$I$6,2,FALSE()),99),$E30,$F30,$G30,$H30,$I30) -> 29 | O30: =IF($N30="",100000,sortDir*$N30)+ROW()*0.0001 -> 29.003 | P30: =IF($M30<>1,0,COUNTIFS(Live!$M$2:$M$43,1,Live!$O$2:$O$43,"<"&$O30)+1) -> 29
A31: 30 | B31: Cannabiskonsum führt zu Suizidgedanken. | C31: Risiken für die psychische Gesundheit | D31: Eher richtig | E31: =IF(COUNTIFS(Daten[myth_id],30,Daten[Zielgruppe],selectedGroup,Daten[Kenntnis %],"<>")=0,"",SUMIFS(Daten[Kenntnis %],Daten[myth_id],30,Daten[Zielgruppe],selectedGroup)) -> 14.09 | F31: =IF(COUNTIFS(Daten[myth_id],30,Daten[Zielgruppe],selectedGroup,Daten[Bedeutung Pkt.],"<>")=0,"",SUMIFS(Daten[Bedeutung Pkt.],Daten[myth_id],30,Daten[Zielgruppe],selectedGroup)) -> 73.29 | G31: =IF(COUNTIFS(Daten[myth_id],30,Daten[Zielgruppe],selectedGroup,Daten[Richtigkeit Pkt.],"<>")=0,"",SUMIFS(Daten[Richtigkeit Pkt.],Daten[myth_id],30,Daten[Zielgruppe],selectedGroup)) -> 83.02 | H31: =IF(COUNTIFS(Daten[myth_id],30,Daten[Zielgruppe],selectedGroup,Daten[Präventionsbedeutung Pkt.],"<>")=0,"",SUMIFS(Daten[Präventionsbedeutung Pkt.],Daten[myth_id],30,Daten[Zielgruppe],selectedGroup)) -> 25.83 | I31: =IF(COUNTIFS(Daten[myth_id],30,Daten[Zielgruppe],selectedGroup,Daten[Bevölkerungsrelevanz Pkt.],"<>")=0,"",SUMIFS(Daten[Bevölkerungsrelevanz Pkt.],Daten[myth_id],30,Daten[Zielgruppe],selectedGroup)) -> 4.3 | J31: =IF(klassFilter="Alle",1,IF($D31=klassFilter,1,0)) -> 1 | K31: =IF(katFilter="Alle",1,IF($C31=katFilter,1,0)) -> 1 | L31: =IF(LEN(sucheText)=0,1,IFERROR(IF(ISNUMBER(SEARCH(sucheText,$B31)),1,0),0)) -> 1 | M31: =$J31*$K31*$L31 -> 1 | N31: =CHOOSE(sortIdx,$A31,COUNTIF(Live!$B$2:$B$43,"<"&$B31)+1,COUNTIF(Live!$C$2:$C$43,"<"&$C31)+1,IFERROR(VLOOKUP($D31,Listen!$H$2:$I$6,2,FALSE()),99),$E31,$F31,$G31,$H31,$I31) -> 30 | O31: =IF($N31="",100000,sortDir*$N31)+ROW()*0.0001 -> 30.0031 | P31: =IF($M31<>1,0,COUNTIFS(Live!$M$2:$M$43,1,Live!$O$2:$O$43,"<"&$O31)+1) -> 30
A32: 31 | B32: Cannabiskonsum entspannt. | C32: Einfluss auf Stimmung und Wahrnehmung | D32: Eher richtig | E32: =IF(COUNTIFS(Daten[myth_id],31,Daten[Zielgruppe],selectedGroup,Daten[Kenntnis %],"<>")=0,"",SUMIFS(Daten[Kenntnis %],Daten[myth_id],31,Daten[Zielgruppe],selectedGroup)) -> 57.16 | F32: =IF(COUNTIFS(Daten[myth_id],31,Daten[Zielgruppe],selectedGroup,Daten[Bedeutung Pkt.],"<>")=0,"",SUMIFS(Daten[Bedeutung Pkt.],Daten[myth_id],31,Daten[Zielgruppe],selectedGroup)) -> 62.08 | G32: =IF(COUNTIFS(Daten[myth_id],31,Daten[Zielgruppe],selectedGroup,Daten[Richtigkeit Pkt.],"<>")=0,"",SUMIFS(Daten[Richtigkeit Pkt.],Daten[myth_id],31,Daten[Zielgruppe],selectedGroup)) -> 82.01 | H32: =IF(COUNTIFS(Daten[myth_id],31,Daten[Zielgruppe],selectedGroup,Daten[Präventionsbedeutung Pkt.],"<>")=0,"",SUMIFS(Daten[Präventionsbedeutung Pkt.],Daten[myth_id],31,Daten[Zielgruppe],selectedGroup)) -> 23.67 | I32: =IF(COUNTIFS(Daten[myth_id],31,Daten[Zielgruppe],selectedGroup,Daten[Bevölkerungsrelevanz Pkt.],"<>")=0,"",SUMIFS(Daten[Bevölkerungsrelevanz Pkt.],Daten[myth_id],31,Daten[Zielgruppe],selectedGroup)) -> 16.3 | J32: =IF(klassFilter="Alle",1,IF($D32=klassFilter,1,0)) -> 1 | K32: =IF(katFilter="Alle",1,IF($C32=katFilter,1,0)) -> 1 | L32: =IF(LEN(sucheText)=0,1,IFERROR(IF(ISNUMBER(SEARCH(sucheText,$B32)),1,0),0)) -> 1 | M32: =$J32*$K32*$L32 -> 1 | N32: =CHOOSE(sortIdx,$A32,COUNTIF(Live!$B$2:$B$43,"<"&$B32)+1,COUNTIF(Live!$C$2:$C$43,"<"&$C32)+1,IFERROR(VLOOKUP($D32,Listen!$H$2:$I$6,2,FALSE()),99),$E32,$F32,$G32,$H32,$I32) -> 31 | O32: =IF($N32="",100000,sortDir*$N32)+ROW()*0.0001 -> 31.0032 | P32: =IF($M32<>1,0,COUNTIFS(Live!$M$2:$M$43,1,Live!$O$2:$O$43,"<"&$O32)+1) -> 31
A33: 32 | B33: Cannabiskonsum macht nicht aggressiv. | C33: Einfluss auf Stimmung und Wahrnehmung | D33: Eher falsch | E33: =IF(COUNTIFS(Daten[myth_id],32,Daten[Zielgruppe],selectedGroup,Daten[Kenntnis %],"<>")=0,"",SUMIFS(Daten[Kenntnis %],Daten[myth_id],32,Daten[Zielgruppe],selectedGroup)) -> 23.96 | F33: =IF(COUNTIFS(Daten[myth_id],32,Daten[Zielgruppe],selectedGroup,Daten[Bedeutung Pkt.],"<>")=0,"",SUMIFS(Daten[Bedeutung Pkt.],Daten[myth_id],32,Daten[Zielgruppe],selectedGroup)) -> 62.13 | G33: =IF(COUNTIFS(Daten[myth_id],32,Daten[Zielgruppe],selectedGroup,Daten[Richtigkeit Pkt.],"<>")=0,"",SUMIFS(Daten[Richtigkeit Pkt.],Daten[myth_id],32,Daten[Zielgruppe],selectedGroup)) -> 57.86 | H33: =IF(COUNTIFS(Daten[myth_id],32,Daten[Zielgruppe],selectedGroup,Daten[Präventionsbedeutung Pkt.],"<>")=0,"",SUMIFS(Daten[Präventionsbedeutung Pkt.],Daten[myth_id],32,Daten[Zielgruppe],selectedGroup)) -> 38.42 | I33: =IF(COUNTIFS(Daten[myth_id],32,Daten[Zielgruppe],selectedGroup,Daten[Bevölkerungsrelevanz Pkt.],"<>")=0,"",SUMIFS(Daten[Bevölkerungsrelevanz Pkt.],Daten[myth_id],32,Daten[Zielgruppe],selectedGroup)) -> 10.1 | J33: =IF(klassFilter="Alle",1,IF($D33=klassFilter,1,0)) -> 1 | K33: =IF(katFilter="Alle",1,IF($C33=katFilter,1,0)) -> 1 | L33: =IF(LEN(sucheText)=0,1,IFERROR(IF(ISNUMBER(SEARCH(sucheText,$B33)),1,0),0)) -> 1 | M33: =$J33*$K33*$L33 -> 1 | N33: =CHOOSE(sortIdx,$A33,COUNTIF(Live!$B$2:$B$43,"<"&$B33)+1,COUNTIF(Live!$C$2:$C$43,"<"&$C33)+1,IFERROR(VLOOKUP($D33,Listen!$H$2:$I$6,2,FALSE()),99),$E33,$F33,$G33,$H33,$I33) -> 32 | O33: =IF($N33="",100000,sortDir*$N33)+ROW()*0.0001 -> 32.0033 | P33: =IF($M33<>1,0,COUNTIFS(Live!$M$2:$M$43,1,Live!$O$2:$O$43,"<"&$O33)+1) -> 32
A34: 33 | B34: Cannabiskonsum macht kreativ. | C34: Soziale Auswirkungen und Leistungsfähigkeit | D34: Eher falsch | E34: =IF(COUNTIFS(Daten[myth_id],33,Daten[Zielgruppe],selectedGroup,Daten[Kenntnis %],"<>")=0,"",SUMIFS(Daten[Kenntnis %],Daten[myth_id],33,Daten[Zielgruppe],selectedGroup)) -> 18.75 | F34: =IF(COUNTIFS(Daten[myth_id],33,Daten[Zielgruppe],selectedGroup,Daten[Bedeutung Pkt.],"<>")=0,"",SUMIFS(Daten[Bedeutung Pkt.],Daten[myth_id],33,Daten[Zielgruppe],selectedGroup)) -> 51.36 | G34: =IF(COUNTIFS(Daten[myth_id],33,Daten[Zielgruppe],selectedGroup,Daten[Richtigkeit Pkt.],"<>")=0,"",SUMIFS(Daten[Richtigkeit Pkt.],Daten[myth_id],33,Daten[Zielgruppe],selectedGroup)) -> 60.97 | H34: =IF(COUNTIFS(Daten[myth_id],33,Daten[Zielgruppe],selectedGroup,Daten[Präventionsbedeutung Pkt.],"<>")=0,"",SUMIFS(Daten[Präventionsbedeutung Pkt.],Daten[myth_id],33,Daten[Zielgruppe],selectedGroup)) -> 31.97 | I34: =IF(COUNTIFS(Daten[myth_id],33,Daten[Zielgruppe],selectedGroup,Daten[Bevölkerungsrelevanz Pkt.],"<>")=0,"",SUMIFS(Daten[Bevölkerungsrelevanz Pkt.],Daten[myth_id],33,Daten[Zielgruppe],selectedGroup)) -> 6.8 | J34: =IF(klassFilter="Alle",1,IF($D34=klassFilter,1,0)) -> 1 | K34: =IF(katFilter="Alle",1,IF($C34=katFilter,1,0)) -> 1 | L34: =IF(LEN(sucheText)=0,1,IFERROR(IF(ISNUMBER(SEARCH(sucheText,$B34)),1,0),0)) -> 1 | M34: =$J34*$K34*$L34 -> 1 | N34: =CHOOSE(sortIdx,$A34,COUNTIF(Live!$B$2:$B$43,"<"&$B34)+1,COUNTIF(Live!$C$2:$C$43,"<"&$C34)+1,IFERROR(VLOOKUP($D34,Listen!$H$2:$I$6,2,FALSE()),99),$E34,$F34,$G34,$H34,$I34) -> 33 | O34: =IF($N34="",100000,sortDir*$N34)+ROW()*0.0001 -> 33.0034 | P34: =IF($M34<>1,0,COUNTIFS(Live!$M$2:$M$43,1,Live!$O$2:$O$43,"<"&$O34)+1) -> 33
A35: 34 | B35: Cannabiskonsum schädigt soziale Beziehungen. | C35: Soziale Auswirkungen und Leistungsfähigkeit | D35: Eher falsch | E35: =IF(COUNTIFS(Daten[myth_id],34,Daten[Zielgruppe],selectedGroup,Daten[Kenntnis %],"<>")=0,"",SUMIFS(Daten[Kenntnis %],Daten[myth_id],34,Daten[Zielgruppe],selectedGroup)) -> 30.33 | F35: =IF(COUNTIFS(Daten[myth_id],34,Daten[Zielgruppe],selectedGroup,Daten[Bedeutung Pkt.],"<>")=0,"",SUMIFS(Daten[Bedeutung Pkt.],Daten[myth_id],34,Daten[Zielgruppe],selectedGroup)) -> 71.08 | G35: =IF(COUNTIFS(Daten[myth_id],34,Daten[Zielgruppe],selectedGroup,Daten[Richtigkeit Pkt.],"<>")=0,"",SUMIFS(Daten[Richtigkeit Pkt.],Daten[myth_id],34,Daten[Zielgruppe],selectedGroup)) -> 54.17 | H35: =IF(COUNTIFS(Daten[myth_id],34,Daten[Zielgruppe],selectedGroup,Daten[Präventionsbedeutung Pkt.],"<>")=0,"",SUMIFS(Daten[Präventionsbedeutung Pkt.],Daten[myth_id],34,Daten[Zielgruppe],selectedGroup)) -> 44.25 | I35: =IF(COUNTIFS(Daten[myth_id],34,Daten[Zielgruppe],selectedGroup,Daten[Bevölkerungsrelevanz Pkt.],"<>")=0,"",SUMIFS(Daten[Bevölkerungsrelevanz Pkt.],Daten[myth_id],34,Daten[Zielgruppe],selectedGroup)) -> 14.5 | J35: =IF(klassFilter="Alle",1,IF($D35=klassFilter,1,0)) -> 1 | K35: =IF(katFilter="Alle",1,IF($C35=katFilter,1,0)) -> 1 | L35: =IF(LEN(sucheText)=0,1,IFERROR(IF(ISNUMBER(SEARCH(sucheText,$B35)),1,0),0)) -> 1 | M35: =$J35*$K35*$L35 -> 1 | N35: =CHOOSE(sortIdx,$A35,COUNTIF(Live!$B$2:$B$43,"<"&$B35)+1,COUNTIF(Live!$C$2:$C$43,"<"&$C35)+1,IFERROR(VLOOKUP($D35,Listen!$H$2:$I$6,2,FALSE()),99),$E35,$F35,$G35,$H35,$I35) -> 34 | O35: =IF($N35="",100000,sortDir*$N35)+ROW()*0.0001 -> 34.0035 | P35: =IF($M35<>1,0,COUNTIFS(Live!$M$2:$M$43,1,Live!$O$2:$O$43,"<"&$O35)+1) -> 34
A36: 35 | B36: Cannabiskonsument:innen halten sich in geringerem Maße an soziale Regeln. | C36: Soziale Auswirkungen und Leistungsfähigkeit | D36: Eher falsch | E36: =IF(COUNTIFS(Daten[myth_id],35,Daten[Zielgruppe],selectedGroup,Daten[Kenntnis %],"<>")=0,"",SUMIFS(Daten[Kenntnis %],Daten[myth_id],35,Daten[Zielgruppe],selectedGroup)) -> 13.89 | F36: =IF(COUNTIFS(Daten[myth_id],35,Daten[Zielgruppe],selectedGroup,Daten[Bedeutung Pkt.],"<>")=0,"",SUMIFS(Daten[Bedeutung Pkt.],Daten[myth_id],35,Daten[Zielgruppe],selectedGroup)) -> 66.75 | G36: =IF(COUNTIFS(Daten[myth_id],35,Daten[Zielgruppe],selectedGroup,Daten[Richtigkeit Pkt.],"<>")=0,"",SUMIFS(Daten[Richtigkeit Pkt.],Daten[myth_id],35,Daten[Zielgruppe],selectedGroup)) -> 63.33 | H36: =IF(COUNTIFS(Daten[myth_id],35,Daten[Zielgruppe],selectedGroup,Daten[Präventionsbedeutung Pkt.],"<>")=0,"",SUMIFS(Daten[Präventionsbedeutung Pkt.],Daten[myth_id],35,Daten[Zielgruppe],selectedGroup)) -> 36.99 | I36: =IF(COUNTIFS(Daten[myth_id],35,Daten[Zielgruppe],selectedGroup,Daten[Bevölkerungsrelevanz Pkt.],"<>")=0,"",SUMIFS(Daten[Bevölkerungsrelevanz Pkt.],Daten[myth_id],35,Daten[Zielgruppe],selectedGroup)) -> 5.7 | J36: =IF(klassFilter="Alle",1,IF($D36=klassFilter,1,0)) -> 1 | K36: =IF(katFilter="Alle",1,IF($C36=katFilter,1,0)) -> 1 | L36: =IF(LEN(sucheText)=0,1,IFERROR(IF(ISNUMBER(SEARCH(sucheText,$B36)),1,0),0)) -> 1 | M36: =$J36*$K36*$L36 -> 1 | N36: =CHOOSE(sortIdx,$A36,COUNTIF(Live!$B$2:$B$43,"<"&$B36)+1,COUNTIF(Live!$C$2:$C$43,"<"&$C36)+1,IFERROR(VLOOKUP($D36,Listen!$H$2:$I$6,2,FALSE()),99),$E36,$F36,$G36,$H36,$I36) -> 35 | O36: =IF($N36="",100000,sortDir*$N36)+ROW()*0.0001 -> 35.0036 | P36: =IF($M36<>1,0,COUNTIFS(Live!$M$2:$M$43,1,Live!$O$2:$O$43,"<"&$O36)+1) -> 35
A37: 36 | B37: Cannabiskonsum führt zu niedrigen Leistungen. | C37: Soziale Auswirkungen und Leistungsfähigkeit | D37: Eher falsch | E37: =IF(COUNTIFS(Daten[myth_id],36,Daten[Zielgruppe],selectedGroup,Daten[Kenntnis %],"<>")=0,"",SUMIFS(Daten[Kenntnis %],Daten[myth_id],36,Daten[Zielgruppe],selectedGroup)) -> 27.8 | F37: =IF(COUNTIFS(Daten[myth_id],36,Daten[Zielgruppe],selectedGroup,Daten[Bedeutung Pkt.],"<>")=0,"",SUMIFS(Daten[Bedeutung Pkt.],Daten[myth_id],36,Daten[Zielgruppe],selectedGroup)) -> 69.36 | G37: =IF(COUNTIFS(Daten[myth_id],36,Daten[Zielgruppe],selectedGroup,Daten[Richtigkeit Pkt.],"<>")=0,"",SUMIFS(Daten[Richtigkeit Pkt.],Daten[myth_id],36,Daten[Zielgruppe],selectedGroup)) -> 55.28 | H37: =IF(COUNTIFS(Daten[myth_id],36,Daten[Zielgruppe],selectedGroup,Daten[Präventionsbedeutung Pkt.],"<>")=0,"",SUMIFS(Daten[Präventionsbedeutung Pkt.],Daten[myth_id],36,Daten[Zielgruppe],selectedGroup)) -> 42.95 | I37: =IF(COUNTIFS(Daten[myth_id],36,Daten[Zielgruppe],selectedGroup,Daten[Bevölkerungsrelevanz Pkt.],"<>")=0,"",SUMIFS(Daten[Bevölkerungsrelevanz Pkt.],Daten[myth_id],36,Daten[Zielgruppe],selectedGroup)) -> 12.9 | J37: =IF(klassFilter="Alle",1,IF($D37=klassFilter,1,0)) -> 1 | K37: =IF(katFilter="Alle",1,IF($C37=katFilter,1,0)) -> 1 | L37: =IF(LEN(sucheText)=0,1,IFERROR(IF(ISNUMBER(SEARCH(sucheText,$B37)),1,0),0)) -> 1 | M37: =$J37*$K37*$L37 -> 1 | N37: =CHOOSE(sortIdx,$A37,COUNTIF(Live!$B$2:$B$43,"<"&$B37)+1,COUNTIF(Live!$C$2:$C$43,"<"&$C37)+1,IFERROR(VLOOKUP($D37,Listen!$H$2:$I$6,2,FALSE()),99),$E37,$F37,$G37,$H37,$I37) -> 36 | O37: =IF($N37="",100000,sortDir*$N37)+ROW()*0.0001 -> 36.0037 | P37: =IF($M37<>1,0,COUNTIFS(Live!$M$2:$M$43,1,Live!$O$2:$O$43,"<"&$O37)+1) -> 36
A38: 37 | B38: Cannabiskonsum geht einher mit einem niedrigen sozialen Niveau. | C38: Soziale Auswirkungen und Leistungsfähigkeit | D38: Falsch | E38: =IF(COUNTIFS(Daten[myth_id],37,Daten[Zielgruppe],selectedGroup,Daten[Kenntnis %],"<>")=0,"",SUMIFS(Daten[Kenntnis %],Daten[myth_id],37,Daten[Zielgruppe],selectedGroup)) -> 12.48 | F38: =IF(COUNTIFS(Daten[myth_id],37,Daten[Zielgruppe],selectedGroup,Daten[Bedeutung Pkt.],"<>")=0,"",SUMIFS(Daten[Bedeutung Pkt.],Daten[myth_id],37,Daten[Zielgruppe],selectedGroup)) -> 55.44 | G38: =IF(COUNTIFS(Daten[myth_id],37,Daten[Zielgruppe],selectedGroup,Daten[Richtigkeit Pkt.],"<>")=0,"",SUMIFS(Daten[Richtigkeit Pkt.],Daten[myth_id],37,Daten[Zielgruppe],selectedGroup)) -> 35.85 | H38: =IF(COUNTIFS(Daten[myth_id],37,Daten[Zielgruppe],selectedGroup,Daten[Präventionsbedeutung Pkt.],"<>")=0,"",SUMIFS(Daten[Präventionsbedeutung Pkt.],Daten[myth_id],37,Daten[Zielgruppe],selectedGroup)) -> 48.16 | I38: =IF(COUNTIFS(Daten[myth_id],37,Daten[Zielgruppe],selectedGroup,Daten[Bevölkerungsrelevanz Pkt.],"<>")=0,"",SUMIFS(Daten[Bevölkerungsrelevanz Pkt.],Daten[myth_id],37,Daten[Zielgruppe],selectedGroup)) -> 6.4 | J38: =IF(klassFilter="Alle",1,IF($D38=klassFilter,1,0)) -> 1 | K38: =IF(katFilter="Alle",1,IF($C38=katFilter,1,0)) -> 1 | L38: =IF(LEN(sucheText)=0,1,IFERROR(IF(ISNUMBER(SEARCH(sucheText,$B38)),1,0),0)) -> 1 | M38: =$J38*$K38*$L38 -> 1 | N38: =CHOOSE(sortIdx,$A38,COUNTIF(Live!$B$2:$B$43,"<"&$B38)+1,COUNTIF(Live!$C$2:$C$43,"<"&$C38)+1,IFERROR(VLOOKUP($D38,Listen!$H$2:$I$6,2,FALSE()),99),$E38,$F38,$G38,$H38,$I38) -> 37 | O38: =IF($N38="",100000,sortDir*$N38)+ROW()*0.0001 -> 37.0038 | P38: =IF($M38<>1,0,COUNTIFS(Live!$M$2:$M$43,1,Live!$O$2:$O$43,"<"&$O38)+1) -> 37
A39: 38 | B39: Cannabiskonsum ist cool. | C39: Soziale Auswirkungen und Leistungsfähigkeit | D39: Falsch | E39: =IF(COUNTIFS(Daten[myth_id],38,Daten[Zielgruppe],selectedGroup,Daten[Kenntnis %],"<>")=0,"",SUMIFS(Daten[Kenntnis %],Daten[myth_id],38,Daten[Zielgruppe],selectedGroup)) -> 13.91 | F39: =IF(COUNTIFS(Daten[myth_id],38,Daten[Zielgruppe],selectedGroup,Daten[Bedeutung Pkt.],"<>")=0,"",SUMIFS(Daten[Bedeutung Pkt.],Daten[myth_id],38,Daten[Zielgruppe],selectedGroup)) -> 30.78 | G39: =IF(COUNTIFS(Daten[myth_id],38,Daten[Zielgruppe],selectedGroup,Daten[Richtigkeit Pkt.],"<>")=0,"",SUMIFS(Daten[Richtigkeit Pkt.],Daten[myth_id],38,Daten[Zielgruppe],selectedGroup)) -> 61.8 | H39: =IF(COUNTIFS(Daten[myth_id],38,Daten[Zielgruppe],selectedGroup,Daten[Präventionsbedeutung Pkt.],"<>")=0,"",SUMIFS(Daten[Präventionsbedeutung Pkt.],Daten[myth_id],38,Daten[Zielgruppe],selectedGroup)) -> 23.73 | I39: =IF(COUNTIFS(Daten[myth_id],38,Daten[Zielgruppe],selectedGroup,Daten[Bevölkerungsrelevanz Pkt.],"<>")=0,"",SUMIFS(Daten[Bevölkerungsrelevanz Pkt.],Daten[myth_id],38,Daten[Zielgruppe],selectedGroup)) -> 4 | J39: =IF(klassFilter="Alle",1,IF($D39=klassFilter,1,0)) -> 1 | K39: =IF(katFilter="Alle",1,IF($C39=katFilter,1,0)) -> 1 | L39: =IF(LEN(sucheText)=0,1,IFERROR(IF(ISNUMBER(SEARCH(sucheText,$B39)),1,0),0)) -> 1 | M39: =$J39*$K39*$L39 -> 1 | N39: =CHOOSE(sortIdx,$A39,COUNTIF(Live!$B$2:$B$43,"<"&$B39)+1,COUNTIF(Live!$C$2:$C$43,"<"&$C39)+1,IFERROR(VLOOKUP($D39,Listen!$H$2:$I$6,2,FALSE()),99),$E39,$F39,$G39,$H39,$I39) -> 38 | O39: =IF($N39="",100000,sortDir*$N39)+ROW()*0.0001 -> 38.0039 | P39: =IF($M39<>1,0,COUNTIFS(Live!$M$2:$M$43,1,Live!$O$2:$O$43,"<"&$O39)+1) -> 38
A40: 39 | B40: Ein großer Teil der Bevölkerung konsumiert Cannabis. | C40: Verbreitung in der Bevölkerung und Gesetzgebung | D40: Falsch | E40: =IF(COUNTIFS(Daten[myth_id],39,Daten[Zielgruppe],selectedGroup,Daten[Kenntnis %],"<>")=0,"",SUMIFS(Daten[Kenntnis %],Daten[myth_id],39,Daten[Zielgruppe],selectedGroup)) -> 18.44 | F40: =IF(COUNTIFS(Daten[myth_id],39,Daten[Zielgruppe],selectedGroup,Daten[Bedeutung Pkt.],"<>")=0,"",SUMIFS(Daten[Bedeutung Pkt.],Daten[myth_id],39,Daten[Zielgruppe],selectedGroup)) -> 54.83 | G40: =IF(COUNTIFS(Daten[myth_id],39,Daten[Zielgruppe],selectedGroup,Daten[Richtigkeit Pkt.],"<>")=0,"",SUMIFS(Daten[Richtigkeit Pkt.],Daten[myth_id],39,Daten[Zielgruppe],selectedGroup)) -> 25.5 | H40: =IF(COUNTIFS(Daten[myth_id],39,Daten[Zielgruppe],selectedGroup,Daten[Präventionsbedeutung Pkt.],"<>")=0,"",SUMIFS(Daten[Präventionsbedeutung Pkt.],Daten[myth_id],39,Daten[Zielgruppe],selectedGroup)) -> 51.36 | I40: =IF(COUNTIFS(Daten[myth_id],39,Daten[Zielgruppe],selectedGroup,Daten[Bevölkerungsrelevanz Pkt.],"<>")=0,"",SUMIFS(Daten[Bevölkerungsrelevanz Pkt.],Daten[myth_id],39,Daten[Zielgruppe],selectedGroup)) -> 10 | J40: =IF(klassFilter="Alle",1,IF($D40=klassFilter,1,0)) -> 1 | K40: =IF(katFilter="Alle",1,IF($C40=katFilter,1,0)) -> 1 | L40: =IF(LEN(sucheText)=0,1,IFERROR(IF(ISNUMBER(SEARCH(sucheText,$B40)),1,0),0)) -> 1 | M40: =$J40*$K40*$L40 -> 1 | N40: =CHOOSE(sortIdx,$A40,COUNTIF(Live!$B$2:$B$43,"<"&$B40)+1,COUNTIF(Live!$C$2:$C$43,"<"&$C40)+1,IFERROR(VLOOKUP($D40,Listen!$H$2:$I$6,2,FALSE()),99),$E40,$F40,$G40,$H40,$I40) -> 39 | O40: =IF($N40="",100000,sortDir*$N40)+ROW()*0.0001 -> 39.004 | P40: =IF($M40<>1,0,COUNTIFS(Live!$M$2:$M$43,1,Live!$O$2:$O$43,"<"&$O40)+1) -> 39
A41: 40 | B41: Cannabiskonsum ist nun für alle überall erlaubt. | C41: Verbreitung in der Bevölkerung und Gesetzgebung | D41: Falsch | E41: =IF(COUNTIFS(Daten[myth_id],40,Daten[Zielgruppe],selectedGroup,Daten[Kenntnis %],"<>")=0,"",SUMIFS(Daten[Kenntnis %],Daten[myth_id],40,Daten[Zielgruppe],selectedGroup)) -> 17.85 | F41: =IF(COUNTIFS(Daten[myth_id],40,Daten[Zielgruppe],selectedGroup,Daten[Bedeutung Pkt.],"<>")=0,"",SUMIFS(Daten[Bedeutung Pkt.],Daten[myth_id],40,Daten[Zielgruppe],selectedGroup)) -> 52.1 | G41: =IF(COUNTIFS(Daten[myth_id],40,Daten[Zielgruppe],selectedGroup,Daten[Richtigkeit Pkt.],"<>")=0,"",SUMIFS(Daten[Richtigkeit Pkt.],Daten[myth_id],40,Daten[Zielgruppe],selectedGroup)) -> 35.76 | H41: =IF(COUNTIFS(Daten[myth_id],40,Daten[Zielgruppe],selectedGroup,Daten[Präventionsbedeutung Pkt.],"<>")=0,"",SUMIFS(Daten[Präventionsbedeutung Pkt.],Daten[myth_id],40,Daten[Zielgruppe],selectedGroup)) -> 44.39 | I41: =IF(COUNTIFS(Daten[myth_id],40,Daten[Zielgruppe],selectedGroup,Daten[Bevölkerungsrelevanz Pkt.],"<>")=0,"",SUMIFS(Daten[Bevölkerungsrelevanz Pkt.],Daten[myth_id],40,Daten[Zielgruppe],selectedGroup)) -> 8.5 | J41: =IF(klassFilter="Alle",1,IF($D41=klassFilter,1,0)) -> 1 | K41: =IF(katFilter="Alle",1,IF($C41=katFilter,1,0)) -> 1 | L41: =IF(LEN(sucheText)=0,1,IFERROR(IF(ISNUMBER(SEARCH(sucheText,$B41)),1,0),0)) -> 1 | M41: =$J41*$K41*$L41 -> 1 | N41: =CHOOSE(sortIdx,$A41,COUNTIF(Live!$B$2:$B$43,"<"&$B41)+1,COUNTIF(Live!$C$2:$C$43,"<"&$C41)+1,IFERROR(VLOOKUP($D41,Listen!$H$2:$I$6,2,FALSE()),99),$E41,$F41,$G41,$H41,$I41) -> 40 | O41: =IF($N41="",100000,sortDir*$N41)+ROW()*0.0001 -> 40.0041 | P41: =IF($M41<>1,0,COUNTIFS(Live!$M$2:$M$43,1,Live!$O$2:$O$43,"<"&$O41)+1) -> 40
A42: 41 | B42: Die Teillegalisierung wird zu einem Anstieg des Cannabiskonsums führen. | C42: Verbreitung in der Bevölkerung und Gesetzgebung | D42: Richtig | E42: =IF(COUNTIFS(Daten[myth_id],41,Daten[Zielgruppe],selectedGroup,Daten[Kenntnis %],"<>")=0,"",SUMIFS(Daten[Kenntnis %],Daten[myth_id],41,Daten[Zielgruppe],selectedGroup)) -> 47.56 | F42: =IF(COUNTIFS(Daten[myth_id],41,Daten[Zielgruppe],selectedGroup,Daten[Bedeutung Pkt.],"<>")=0,"",SUMIFS(Daten[Bedeutung Pkt.],Daten[myth_id],41,Daten[Zielgruppe],selectedGroup)) -> 66.33 | G42: =IF(COUNTIFS(Daten[myth_id],41,Daten[Zielgruppe],selectedGroup,Daten[Richtigkeit Pkt.],"<>")=0,"",SUMIFS(Daten[Richtigkeit Pkt.],Daten[myth_id],41,Daten[Zielgruppe],selectedGroup)) -> 79.26 | H42: =IF(COUNTIFS(Daten[myth_id],41,Daten[Zielgruppe],selectedGroup,Daten[Präventionsbedeutung Pkt.],"<>")=0,"",SUMIFS(Daten[Präventionsbedeutung Pkt.],Daten[myth_id],41,Daten[Zielgruppe],selectedGroup)) -> 23.37 | I42: =IF(COUNTIFS(Daten[myth_id],41,Daten[Zielgruppe],selectedGroup,Daten[Bevölkerungsrelevanz Pkt.],"<>")=0,"",SUMIFS(Daten[Bevölkerungsrelevanz Pkt.],Daten[myth_id],41,Daten[Zielgruppe],selectedGroup)) -> 13.4 | J42: =IF(klassFilter="Alle",1,IF($D42=klassFilter,1,0)) -> 1 | K42: =IF(katFilter="Alle",1,IF($C42=katFilter,1,0)) -> 1 | L42: =IF(LEN(sucheText)=0,1,IFERROR(IF(ISNUMBER(SEARCH(sucheText,$B42)),1,0),0)) -> 1 | M42: =$J42*$K42*$L42 -> 1 | N42: =CHOOSE(sortIdx,$A42,COUNTIF(Live!$B$2:$B$43,"<"&$B42)+1,COUNTIF(Live!$C$2:$C$43,"<"&$C42)+1,IFERROR(VLOOKUP($D42,Listen!$H$2:$I$6,2,FALSE()),99),$E42,$F42,$G42,$H42,$I42) -> 41 | O42: =IF($N42="",100000,sortDir*$N42)+ROW()*0.0001 -> 41.0042 | P42: =IF($M42<>1,0,COUNTIFS(Live!$M$2:$M$43,1,Live!$O$2:$O$43,"<"&$O42)+1) -> 41
A43: 42 | B43: Die Teillegalisierung wird zu einem Anstieg des Cannabiskonsums unter Minderjährigen führen. | C43: Verbreitung in der Bevölkerung und Gesetzgebung | D43: Eher falsch | E43: =IF(COUNTIFS(Daten[myth_id],42,Daten[Zielgruppe],selectedGroup,Daten[Kenntnis %],"<>")=0,"",SUMIFS(Daten[Kenntnis %],Daten[myth_id],42,Daten[Zielgruppe],selectedGroup)) -> 42.19 | F43: =IF(COUNTIFS(Daten[myth_id],42,Daten[Zielgruppe],selectedGroup,Daten[Bedeutung Pkt.],"<>")=0,"",SUMIFS(Daten[Bedeutung Pkt.],Daten[myth_id],42,Daten[Zielgruppe],selectedGroup)) -> 71.88 | G43: =IF(COUNTIFS(Daten[myth_id],42,Daten[Zielgruppe],selectedGroup,Daten[Richtigkeit Pkt.],"<>")=0,"",SUMIFS(Daten[Richtigkeit Pkt.],Daten[myth_id],42,Daten[Zielgruppe],selectedGroup)) -> 53.06 | H43: =IF(COUNTIFS(Daten[myth_id],42,Daten[Zielgruppe],selectedGroup,Daten[Präventionsbedeutung Pkt.],"<>")=0,"",SUMIFS(Daten[Präventionsbedeutung Pkt.],Daten[myth_id],42,Daten[Zielgruppe],selectedGroup)) -> 45.73 | I43: =IF(COUNTIFS(Daten[myth_id],42,Daten[Zielgruppe],selectedGroup,Daten[Bevölkerungsrelevanz Pkt.],"<>")=0,"",SUMIFS(Daten[Bevölkerungsrelevanz Pkt.],Daten[myth_id],42,Daten[Zielgruppe],selectedGroup)) -> 20.7 | J43: =IF(klassFilter="Alle",1,IF($D43=klassFilter,1,0)) -> 1 | K43: =IF(katFilter="Alle",1,IF($C43=katFilter,1,0)) -> 1 | L43: =IF(LEN(sucheText)=0,1,IFERROR(IF(ISNUMBER(SEARCH(sucheText,$B43)),1,0),0)) -> 1 | M43: =$J43*$K43*$L43 -> 1 | N43: =CHOOSE(sortIdx,$A43,COUNTIF(Live!$B$2:$B$43,"<"&$B43)+1,COUNTIF(Live!$C$2:$C$43,"<"&$C43)+1,IFERROR(VLOOKUP($D43,Listen!$H$2:$I$6,2,FALSE()),99),$E43,$F43,$G43,$H43,$I43) -> 42 | O43: =IF($N43="",100000,sortDir*$N43)+ROW()*0.0001 -> 42.0043 | P43: =IF($M43<>1,0,COUNTIFS(Live!$M$2:$M$43,1,Live!$O$2:$O$43,"<"&$O43)+1) -> 42
